booking_id,hotel_id,booking_date,arrival_date,nights,rooms,room_nights,segment,channel,rate,room_revenue,status,cancel_date
1000362,4,2023-02-14,2023-10-20,2,1,2,TDS,WEB,189.85,379.7,Checked out,
1000411,5,2023-02-23,2023-12-20,3,1,3,TRN,OTA,105.45,316.35,Cancelled,2023-07-12
1000902,3,2023-04-24,2023-12-27,1,13,13,GRT,SAL,118.12,1535.56,Checked out,
1001099,3,2023-05-10,2024-05-09,2,1,2,WHL,WHS,149.82,299.64,Checked out,
1002247,1,2023-07-01,2023-11-05,1,1,1,TRN,OTA,158.22,158.22,Cancelled,2023-08-28
1003362,2,2023-07-27,2023-11-11,4,1,4,TRN,WEB,277.24,1108.96,Cancelled,2023-09-07
1003553,2,2023-07-30,2023-12-09,3,1,3,TRN,OTA,291.79,875.37,Cancelled,2023-12-06
1003561,3,2023-07-30,2024-02-22,4,1,4,TRN,OTA,163.54,654.16,Cancelled,2023-09-16
1003601,1,2023-07-31,2024-01-05,2,15,30,GRT,SAL,151.71,4551.3,Checked out,
1004753,4,2023-08-15,2023-12-13,1,2,2,TRN,WEB,152.31,304.62,Checked out,
1005178,2,2023-08-20,2023-10-28,2,1,2,WHL,WHS,303.16,606.32,Checked out,
1005603,5,2023-08-23,2023-10-20,2,1,2,TRN,OTA,155.13,310.26,Cancelled,2023-09-20
1006747,3,2023-08-31,2023-10-19,3,1,3,TRN,OTA,203.39,610.17,Checked out,
1007833,5,2023-09-06,2023-10-06,2,1,2,TDS,VOI,130.27,260.54,Checked out,
1008032,4,2023-09-07,2024-03-09,3,1,3,WHL,WHS,135.48,406.44,Checked out,
1008099,1,2023-09-08,2023-12-28,3,1,3,COR,GDS,180.56,541.68,Checked out,
1009450,2,2023-09-14,2023-10-07,3,2,6,TRN,VOI,303.93,1823.58,Checked out,
1010764,3,2023-09-18,2023-10-26,1,1,1,TDS,WEB,164.18,164.18,Checked out,
1013020,2,2023-09-24,2023-10-04,4,1,4,TRN,WEB,220.94,883.76,Cancelled,2023-09-24
1013053,2,2023-09-24,2023-10-12,1,1,1,TRN,VOI,227.41,227.41,Checked out,
1013211,4,2023-09-24,2023-10-21,2,1,2,TDS,VOI,185.47,370.94,Checked out,
1014135,4,2023-09-26,2023-10-08,3,1,3,TRN,OTA,154.94,464.82,Checked out,
1014677,4,2023-09-27,2023-12-20,2,2,4,TDS,WEB,113.38,453.52,Checked out,
1014790,1,2023-09-28,2023-10-12,2,2,4,TRN,WEB,218.06,872.24,No-show,
1016862,1,2023-10-02,2023-10-15,2,1,2,TRN,WEB,183.47,366.94,Checked out,
1018200,2,2023-10-04,2024-02-21,2,2,4,WHL,WHS,138.58,554.32,Checked out,
1018673,2,2023-10-05,2023-10-25,4,1,4,TRN,VOI,229.01,916.04,Cancelled,2023-10-20
1018723,2,2023-10-05,2024-04-19,2,1,2,WHL,WHS,198.14,396.28,Checked out,
1019759,2,2023-10-07,2023-10-31,1,2,2,COR,GDS,185.41,370.82,Cancelled,2023-10-26
1020059,1,2023-10-08,2023-10-13,2,1,2,COR,GDS,295.82,591.64,Cancelled,2023-10-11
1021023,4,2023-10-09,2023-10-13,1,1,1,COR,WEB,215.43,215.43,Checked out,
1022205,5,2023-10-11,2023-10-29,1,1,1,TRN,VOI,151.82,151.82,Checked out,
1023139,3,2023-10-13,2023-11-03,3,1,3,TRN,OTA,203.51,610.53,Checked out,
1023262,5,2023-10-13,2023-10-16,1,1,1,WHL,WHS,95.75,95.75,Checked out,
1023465,1,2023-10-14,2023-12-15,2,1,2,TRN,WEB,254.51,509.02,Checked out,
1023528,2,2023-10-14,2023-10-21,2,1,2,TRN,OTA,367.12,734.24,Checked out,
1024465,1,2023-10-16,2023-10-26,1,2,2,TRN,WEB,192.2,384.4,Cancelled,2023-10-19
1024904,5,2023-10-16,2023-10-20,4,2,8,TRN,WEB,187.94,1503.52,Cancelled,2023-10-18
1027892,3,2023-10-22,2023-11-03,2,2,4,TRN,WEB,207.19,828.76,Checked out,
1028391,3,2023-10-23,2023-10-31,1,1,1,TRN,OTA,164.22,164.22,Checked out,
1029054,4,2023-10-24,2023-11-08,1,1,1,TRN,OTA,141.63,141.63,Checked out,
1030883,2,2023-10-28,2023-11-16,2,1,2,COR,GDS,190.41,380.82,Checked out,
1030920,2,2023-10-28,2023-12-07,2,1,2,TRN,VOI,207.82,415.64,Checked out,
1031694,1,2023-10-30,2023-11-06,2,2,4,COR,WEB,155.77,623.08,Checked out,
1031729,1,2023-10-30,2023-11-11,1,1,1,TRN,WEB,259.63,259.63,Checked out,
1031905,2,2023-10-30,2023-11-23,3,1,3,TRN,OTA,210.56,631.68,Checked out,
1032089,4,2023-10-30,2023-11-26,3,1,3,WHL,WHS,109.88,329.64,Checked out,
1032258,1,2023-10-31,2023-11-21,1,1,1,COR,VOI,165.31,165.31,Checked out,
1032912,3,2023-11-01,2023-11-04,1,1,1,COR,GDS,235.25,235.25,Checked out,
1035324,2,2023-11-06,2023-11-22,3,1,3,TRN,OTA,197.36,592.08,Checked out,
1035650,1,2023-11-07,2023-11-15,1,1,1,TRN,WEB,182.57,182.57,Cancelled,2023-11-11
1035840,2,2023-11-07,2023-11-25,1,1,1,TRN,WEB,254.32,254.32,Cancelled,2023-11-08
1036538,5,2023-11-08,2023-11-17,3,1,3,TRN,OTA,135.76,407.28,Checked out,
1038561,1,2023-11-13,2023-11-22,2,1,2,TRN,VOI,177.31,354.62,Checked out,
1038852,3,2023-11-13,2023-11-25,1,1,1,TRN,WEB,251.17,251.17,Checked out,
1039436,4,2023-11-14,2024-01-04,2,1,2,TDS,WEB,109.61,219.22,Cancelled,2023-12-22
1041051,1,2023-11-18,2023-11-23,4,1,4,TRN,WEB,186.43,745.72,Checked out,
1043474,5,2023-11-22,2023-12-08,3,1,3,TRN,OTA,152.68,458.04,Checked out,
1043533,1,2023-11-23,2023-12-01,1,1,1,TRN,WEB,240.92,240.92,Cancelled,2023-11-25
1044597,1,2023-11-25,2024-06-10,1,1,1,TRN,OTA,217.03,217.03,Cancelled,2023-12-19
1044844,4,2023-11-25,2023-12-10,1,1,1,WHL,WHS,106.63,106.63,Checked out,
1045498,1,2023-11-27,2023-12-24,1,2,2,TRN,WEB,164.35,328.7,Checked out,
1049034,2,2023-12-04,2023-12-08,3,1,3,TRN,OTA,279.02,837.06,Checked out,
1050207,3,2023-12-06,2023-12-14,2,1,2,COR,GDS,167.99,335.98,Checked out,
1050613,2,2023-12-07,2023-12-14,3,1,3,TRN,OTA,197.15,591.45,Cancelled,2023-12-13
1050803,3,2023-12-07,2024-02-17,3,1,3,WHL,WHS,163.98,491.94,Checked out,
1051280,4,2023-12-08,2023-12-12,2,1,2,TRN,OTA,137.23,274.46,Checked out,
1051323,4,2023-12-08,2024-01-11,2,1,2,TDS,WEB,115.73,231.46,Checked out,
1051542,2,2023-12-09,2023-12-12,1,1,1,TDS,OTA,163.22,163.22,Checked out,
1051838,4,2023-12-09,2024-02-11,2,1,2,TDS,WEB,118.58,237.16,Checked out,
1052001,1,2023-12-10,2023-12-26,3,1,3,TRN,WEB,179.45,538.35,Checked out,
1053352,4,2023-12-12,2023-12-22,2,1,2,TRN,OTA,214.3,428.6,Checked out,
1053400,4,2023-12-12,2024-11-29,2,1,2,WHL,WHS,137.14,274.28,Checked out,
1053767,3,2023-12-13,2024-02-03,4,1,4,WHL,WHS,163.67,654.68,Checked out,
1054587,2,2023-12-15,2024-01-17,2,1,2,TDS,OTA,160.18,320.36,Checked out,
1054657,3,2023-12-15,2023-12-23,2,1,2,WHL,WHS,195.32,390.64,Checked out,
1055544,3,2023-12-17,2024-06-28,3,14,42,GRT,SAL,199.77,8390.34,Checked out,
1056792,3,2023-12-20,2024-01-21,3,1,3,TDS,VOI,146.9,440.7,Checked out,
1057193,3,2023-12-21,2024-01-22,1,1,1,TRN,OTA,145.57,145.57,Cancelled,2023-12-31
1057433,2,2023-12-22,2023-12-27,2,1,2,TRN,OTA,211.23,422.46,Checked out,
1057649,4,2023-12-22,2024-01-24,2,1,2,TDS,OTA,112.54,225.08,Checked out,
1057909,2,2023-12-23,2024-01-19,2,1,2,TRN,WEB,225.91,451.82,Checked out,
1058057,4,2023-12-23,2024-01-03,1,1,1,TDS,WEB,109.01,109.01,Cancelled,2023-12-24
1058263,1,2023-12-24,2024-03-03,3,1,3,TRN,VOI,164.66,493.98,Checked out,
1058628,1,2023-12-25,2024-01-10,3,1,3,TDS,OTA,140.8,422.4,No-show,
1060611,3,2023-12-29,2024-01-21,2,1,2,TRN,WEB,192.94,385.88,Checked out,
1060735,5,2023-12-29,2024-01-24,4,1,4,TRN,OTA,103.37,413.48,Cancelled,2024-01-13
1060902,2,2023-12-30,2024-01-08,4,1,4,TDS,WEB,155.09,620.36,Checked out,
1061648,1,2024-01-01,2024-01-10,2,1,2,COR,GDS,167.67,335.34,Checked out,
1061925,3,2024-01-01,2024-03-01,2,1,2,TDS,VOI,164.26,328.52,Checked out,
1061963,4,2024-01-01,2024-01-14,2,1,2,TDS,WEB,107.61,215.22,Checked out,
1063616,3,2024-01-05,2024-01-19,2,2,4,TRN,WEB,202.88,811.52,Checked out,
1064217,5,2024-01-06,2024-02-21,2,1,2,WHL,WHS,72.75,145.5,Checked out,
1065739,1,2024-01-10,2024-01-31,3,1,3,TRN,VOI,159.41,478.23,Checked out,
1067462,1,2024-01-14,2024-01-24,1,1,1,TRN,WEB,180.02,180.02,Checked out,
1067522,1,2024-01-14,2024-02-19,3,1,3,TRN,WEB,158.87,476.61,Checked out,
1067652,2,2024-01-14,2024-03-02,1,1,1,WHL,WHS,199.11,199.11,Cancelled,2024-01-26
1067811,5,2024-01-14,2024-01-16,4,1,4,TRN,OTA,97.92,391.68,Checked out,
1067835,5,2024-01-14,2024-01-26,2,1,2,TRN,VOI,135.45,270.9,Checked out,
1067853,5,2024-01-14,2024-03-02,1,1,1,WHL,WHS,112.04,112.04,Checked out,
1069557,3,2024-01-18,2024-01-28,3,1,3,TRN,WEB,149.71,449.13,No-show,
1069917,2,2024-01-19,2024-02-06,3,1,3,TRN,OTA,188.94,566.82,Checked out,
1070354,2,2024-01-20,2024-01-29,2,1,2,TDS,VOI,153.3,306.6,Checked out,
1071727,1,2024-01-23,2024-03-27,3,1,3,TRN,WEB,179.47,538.41,Cancelled,2024-02-08
1071811,2,2024-01-23,2024-02-06,1,1,1,TRN,OTA,192.72,192.72,Checked out,
1072166,1,2024-01-24,2024-02-15,1,1,1,WHL,WHS,146.38,146.38,Checked out,
1073936,5,2024-01-27,2024-02-02,2,1,2,TRN,VOI,154.37,308.74,Checked out,
1076047,1,2024-02-01,2024-03-16,2,1,2,TRN,VOI,261.78,523.56,Checked out,
1076112,2,2024-02-01,2024-02-10,2,1,2,TRN,OTA,316.51,633.02,Checked out,
1076895,5,2024-02-02,2024-08-08,2,14,28,GRT,SAL,114.28,3199.84,Checked out,
1078480,1,2024-02-06,2024-07-20,1,1,1,TRN,WEB,405.5,405.5,Checked out,
1079050,2,2024-02-07,2024-02-22,3,1,3,TDS,VOI,159.97,479.91,Checked out,
1079730,4,2024-02-08,2024-03-08,2,1,2,TRN,WEB,171.29,342.58,Cancelled,2024-03-03
1080902,1,2024-02-11,2024-04-03,2,1,2,TRN,WEB,182.25,364.5,Checked out,
1084524,2,2024-02-18,2024-03-01,2,1,2,TRN,WEB,271.78,543.56,Checked out,
1085303,1,2024-02-20,2024-02-21,3,2,6,TRN,WEB,158.62,951.72,Checked out,
1085426,1,2024-02-20,2024-04-05,3,1,3,WHL,WHS,180.35,541.05,Checked out,
1085784,5,2024-02-20,2024-03-06,2,1,2,TDS,VOI,83.74,167.48,Checked out,
1086483,2,2024-02-22,2024-02-24,2,1,2,TRN,OTA,307.96,615.92,Checked out,
1087061,2,2024-02-23,2024-03-08,2,1,2,TRN,OTA,253.85,507.7,Checked out,
1087872,5,2024-02-24,2024-03-16,5,1,5,TDS,OTA,131.98,659.9,Cancelled,2024-02-27
1088092,2,2024-02-25,2024-03-06,3,1,3,TRN,WEB,205.39,616.17,Checked out,
1088125,2,2024-02-25,2024-03-16,1,1,1,TDS,WEB,234.25,234.25,Checked out,
1088729,2,2024-02-26,2024-05-24,2,1,2,TRN,OTA,272.18,544.36,Cancelled,2024-04-09
1088903,4,2024-02-26,2024-04-11,1,1,1,TRN,OTA,150.38,150.38,Checked out,
1088931,5,2024-02-26,2024-03-05,4,1,4,TRN,WEB,100.73,402.92,Checked out,
1090840,3,2024-03-01,2024-03-21,3,1,3,COR,VOI,198.97,596.91,Checked out,
1093352,2,2024-03-06,2024-03-27,1,1,1,TRN,WEB,193.95,193.95,Cancelled,2024-03-17
1093599,4,2024-03-06,2024-04-25,2,1,2,COR,VOI,145.49,290.98,Checked out,
1093667,5,2024-03-06,2024-04-13,1,1,1,TDS,OTA,133.39,133.39,Cancelled,2024-03-26
1095987,1,2024-03-11,2024-03-29,4,1,4,TRN,OTA,236.74,946.96,Checked out,
1096480,1,2024-03-12,2024-03-21,2,1,2,TRN,OTA,244.67,489.34,Checked out,
1096569,1,2024-03-12,2024-04-22,3,1,3,TRN,VOI,181.63,544.89,Checked out,
1097347,3,2024-03-13,2024-03-23,1,1,1,TDS,WEB,210.1,210.1,Checked out,
1097742,2,2024-03-14,2024-03-19,2,1,2,TRN,WEB,216.71,433.42,Checked out,
1098299,2,2024-03-15,2024-03-23,3,2,6,TRN,OTA,300.84,1805.04,Cancelled,2024-03-21
1098487,3,2024-03-15,2024-04-11,1,1,1,COR,GDS,165.74,165.74,Cancelled,2024-03-28
1099427,2,2024-03-17,2024-03-22,2,1,2,TDS,VOI,254.89,509.78,Checked out,
1099515,2,2024-03-17,2024-05-16,2,1,2,TDS,WEB,214.12,428.24,Cancelled,2024-04-29
1100834,5,2024-03-19,2024-03-24,2,1,2,TDS,OTA,88.34,176.68,Checked out,
1101430,1,2024-03-21,2024-03-30,1,1,1,TRN,OTA,308.07,308.07,Checked out,
1101942,1,2024-03-22,2024-03-29,2,1,2,TRN,OTA,279.17,558.34,Checked out,
1103542,1,2024-03-25,2024-03-30,2,1,2,TRN,WEB,276.21,552.42,Checked out,
1104276,2,2024-03-26,2024-04-12,2,1,2,TRN,WEB,273.51,,Checked out,
1104775,1,2024-03-27,2024-05-15,2,1,2,WHL,WHS,156.11,312.22,Checked out,
1106291,1,2024-03-30,2024-04-06,5,2,10,TRN,VOI,292.65,2926.5,Checked out,
1106964,1,2024-03-31,2024-05-10,3,1,3,TRN,WEB,325.03,975.09,Checked out,
1108329,3,2024-04-02,2024-04-19,2,1,2,TRN,VOI,202.7,405.4,Checked out,
1109015,4,2024-04-03,2024-04-14,1,1,1,TRN,VOI,139.45,139.45,Checked out,
1109221,1,2024-04-04,2024-04-27,2,1,2,TDS,WEB,212.26,424.52,Checked out,
1110024,3,2024-04-05,2024-04-11,2,1,2,COR,WEB,169.17,338.34,Checked out,
1112061,1,2024-04-09,2024-04-24,1,1,1,TRN,OTA,161.34,161.34,Cancelled,2024-04-12
1113105,5,2024-04-10,2024-04-19,2,1,2,TRN,OTA,152.65,305.3,Cancelled,2024-04-18
1113382,2,2024-04-11,2024-04-25,2,1,2,TRN,OTA,203.68,407.36,Checked out,
1113385,2,2024-04-11,2024-04-26,5,1,5,TRN,OTA,243.74,1218.7,Checked out,
1114900,5,2024-04-13,2024-05-23,4,1,4,TDS,VOI,105.81,423.24,Checked out,
1115411,4,2024-04-14,2024-05-03,2,1,2,WHL,WHS,139.32,278.64,Checked out,
1115709,2,2024-04-15,2024-04-26,1,1,1,TRN,OTA,252.79,252.79,Cancelled,2024-04-21
1115794,2,2024-04-15,2024-06-08,3,2,6,TRN,WEB,341.99,2051.94,Cancelled,2024-06-01
1116264,2,2024-04-16,2024-04-25,2,1,2,TDS,OTA,172.11,344.22,Checked out,
1116563,4,2024-04-16,2024-05-17,2,1,2,TRN,OTA,187.92,375.84,Cancelled,2024-04-26
1117378,1,2024-04-18,2024-05-09,2,1,2,TRN,WEB,194.71,389.42,Checked out,
1117464,1,2024-04-18,2024-07-20,2,1,2,WHL,WHS,315.16,630.32,Checked out,
1117912,1,2024-04-19,2024-04-25,3,1,3,TDS,OTA,181.09,543.27,Checked out,
1118035,1,2024-04-19,2024-05-25,1,2,2,TRN,VOI,266.1,532.2,Checked out,
1118603,1,2024-04-20,2024-05-03,1,1,1,TDS,WEB,216.22,216.22,Checked out,
1118898,3,2024-04-20,2024-04-24,1,1,1,TRN,WEB,170.36,170.36,Checked out,
1118925,3,2024-04-20,2024-05-04,1,1,1,TRN,WEB,261.79,261.79,Checked out,
1119657,4,2024-04-21,2024-05-25,6,1,6,TDS,OTA,202.49,1214.94,Checked out,
1119705,5,2024-04-21,2024-05-04,1,1,1,TRN,OTA,198.1,198.1,Checked out,
1120567,1,2024-04-23,2024-05-22,2,2,4,WHL,WHS,132.0,528.0,Checked out,
1120790,3,2024-04-23,2024-04-27,3,2,6,TRN,OTA,252.16,1512.96,Checked out,
1121506,3,2024-04-24,2024-05-18,2,1,2,TDS,WEB,225.02,450.04,Checked out,
1122770,3,2024-04-26,2024-05-19,2,1,2,TRN,OTA,180.79,361.58,Checked out,
1123235,2,2024-04-27,2024-05-10,2,1,2,TRN,OTA,358.09,716.18,Checked out,
1123529,4,2024-04-27,2024-06-18,2,1,2,COR,GDS,157.4,314.8,Checked out,
1124072,3,2024-04-28,2024-05-17,2,1,2,TRN,WEB,220.47,,Checked out,
1124708,3,2024-04-29,2024-05-17,2,1,2,WHL,WHS,156.19,312.38,Checked out,
1125016,1,2024-04-30,2024-05-18,1,2,2,TRN,OTA,327.74,655.48,Cancelled,2024-05-15
1125511,5,2024-04-30,2024-05-07,3,1,3,TRN,OTA,109.6,328.8,Cancelled,2024-05-03
1125590,1,2024-05-01,2024-05-04,2,1,2,TRN,OTA,331.21,662.42,Cancelled,2024-05-02
1127580,2,2024-05-04,2024-05-12,2,1,2,TRN,WEB,265.74,531.48,Cancelled,2024-05-09
1127791,3,2024-05-04,2024-06-01,2,1,2,TRN,WEB,294.25,588.5,Cancelled,2024-05-16
1128063,1,2024-05-05,2024-05-25,2,1,2,TRN,OTA,325.41,650.82,Checked out,
1128247,2,2024-05-05,2024-06-01,1,1,1,TRN,WEB,309.81,309.81,Checked out,
1128657,1,2024-05-06,2024-05-14,1,1,1,TRN,OTA,187.88,187.88,Checked out,
1128771,1,2024-05-06,2024-06-18,2,2,4,TDS,OTA,200.81,803.24,Cancelled,2024-06-01
1129518,2,2024-05-07,2024-06-11,2,1,2,TRN,OTA,238.67,477.34,Checked out,
1129657,3,2024-05-07,2024-07-20,1,1,1,TRN,OTA,407.31,407.31,Checked out,
1129789,5,2024-05-07,2024-05-25,1,1,1,TRN,OTA,195.91,195.91,No-show,
1130014,2,2024-05-08,2024-05-13,1,1,1,TRN,WEB,226.94,226.94,Cancelled,2024-05-11
1130920,4,2024-05-09,2024-05-15,1,1,1,COR,GDS,138.52,138.52,Checked out,
1133477,4,2024-05-13,2024-09-10,1,1,1,TDS,WEB,144.93,144.93,Cancelled,2024-06-16
1133961,3,2024-05-14,2024-06-23,2,1,2,TDS,WEB,179.61,359.22,Checked out,
1135405,5,2024-05-16,2024-07-08,1,1,1,COR,GDS,132.51,132.51,Checked out,
1135456,1,2024-05-17,2024-05-27,4,1,4,TDS,WEB,183.09,732.36,Checked out,
1135470,1,2024-05-17,2024-05-29,1,1,1,TDS,WEB,174.74,174.74,Checked out,
1137691,2,2024-05-20,2024-08-05,3,1,3,TRN,WEB,317.13,951.39,Checked out,
1138563,4,2024-05-21,2024-06-06,2,2,4,TRN,WEB,194.82,779.28,Checked out,
1139723,2,2024-05-23,2024-05-31,4,1,4,TRN,WEB,353.8,1415.2,Checked out,
1140722,4,2024-05-24,2024-06-10,1,1,1,TRN,OTA,177.52,177.52,Checked out,
1141486,5,2024-05-25,2024-06-26,2,2,4,TDS,OTA,117.37,469.48,Checked out,
1142830,1,2024-05-28,2024-06-04,2,1,2,TRN,OTA,233.31,466.62,Checked out,
1142841,1,2024-05-28,2024-06-07,2,2,4,TRN,WEB,332.44,1329.76,No-show,
1143064,2,2024-05-28,2024-06-04,1,1,1,COR,WEB,249.46,249.46,Checked out,
1144310,1,2024-05-30,2024-07-04,2,1,2,TRN,WEB,288.68,577.36,Checked out,
1144798,5,2024-05-30,2024-06-14,1,1,1,COR,VOI,172.78,172.78,Checked out,
1144824,5,2024-05-30,2024-07-05,2,1,2,TDS,WEB,198.37,396.74,Checked out,
1145121,2,2024-05-31,2024-06-21,3,1,3,WHL,WHS,250.96,752.88,Checked out,
1146394,2,2024-06-02,2024-06-03,2,1,2,COR,VOI,241.03,482.06,Checked out,
1146472,2,2024-06-02,2024-06-25,1,1,1,COR,WEB,217.38,217.38,Checked out,
1146577,3,2024-06-02,2024-06-08,2,1,2,TRN,VOI,314.75,629.5,Cancelled,2024-06-03
1147301,3,2024-06-03,2024-06-26,1,2,2,TDS,OTA,185.7,371.4,Cancelled,2024-06-15
1147380,4,2024-06-03,2024-06-10,1,1,1,TRN,VOI,188.29,188.29,Checked out,
1148228,5,2024-06-04,2024-08-24,2,1,2,WHL,WHS,166.59,333.18,Checked out,
1148456,1,2024-06-05,2024-10-11,3,1,3,WHL,WHS,202.89,608.67,Checked out,
1148689,3,2024-06-05,2024-06-18,5,1,5,TDS,WEB,181.21,906.05,Checked out,
1149415,3,2024-06-06,2024-06-24,2,1,2,TRN,WEB,221.38,442.76,Checked out,
1149434,3,2024-06-06,2024-07-01,3,1,3,TDS,OTA,196.47,589.41,Checked out,
1149605,5,2024-06-06,2024-06-14,3,1,3,TRN,OTA,199.45,598.35,Checked out,
1149674,5,2024-06-06,2024-08-16,2,1,2,TDS,VOI,182.24,364.48,Checked out,
1149769,1,2024-06-07,2024-06-22,3,1,3,TDS,WEB,302.13,906.39,Checked out,
1150007,2,2024-06-07,2024-07-05,2,1,2,TRN,OTA,381.99,763.98,Checked out,
1150138,3,2024-06-07,2024-07-04,2,1,2,TRN,OTA,273.41,546.82,Checked out,
1150395,1,2024-06-08,2024-06-11,3,1,3,TRN,OTA,258.11,774.33,Cancelled,2024-06-08
1150702,2,2024-06-08,2024-07-14,3,1,3,WHL,WHS,199.71,599.13,Checked out,
1151987,1,2024-06-10,2024-07-24,1,1,1,TDS,OTA,227.49,227.49,Checked out,
1152288,3,2024-06-10,2024-06-23,2,1,2,TRN,WEB,204.7,409.4,Checked out,
1152601,1,2024-06-11,2024-06-25,1,1,1,COR,VOI,192.92,192.92,Checked out,
1153237,1,2024-06-12,2024-06-27,3,1,3,WHL,WHS,175.49,526.47,Checked out,
1153363,1,2024-06-12,2024-10-27,1,1,1,WHL,WHS,192.69,192.69,Cancelled,2024-08-18
1153443,2,2024-06-12,2024-06-30,1,1,1,TRN,WEB,276.6,276.6,Checked out,
1153478,2,2024-06-12,2024-07-13,1,1,1,WHL,WHS,338.66,338.66,Checked out,
1155861,5,2024-06-15,2024-07-18,3,1,3,TRN,OTA,172.94,518.82,Checked out,
1156282,2,2024-06-16,2024-09-19,2,1,2,TDS,OTA,201.03,402.06,Checked out,
1156964,2,2024-06-17,2024-08-15,1,1,1,TRN,VOI,308.71,308.71,Checked out,
1157117,4,2024-06-17,2024-06-26,1,1,1,COR,WEB,170.52,170.52,Checked out,
1157378,1,2024-06-18,2024-07-06,1,1,1,TRN,OTA,461.22,461.22,Checked out,
1157385,1,2024-06-18,2024-07-08,2,1,2,TRN,WEB,256.5,513.0,Checked out,
1157464,1,2024-06-18,2024-08-25,6,1,6,WHL,WHS,199.93,1199.58,Checked out,
1157658,3,2024-06-18,2024-06-21,2,1,2,TRN,OTA,282.21,564.42,Checked out,
1159431,1,2024-06-21,2024-07-07,1,1,1,TRN,OTA,245.23,245.23,Cancelled,2024-07-04
1160240,1,2024-06-22,2025-06-22,1,1,1,WHL,WHS,171.09,171.09,Checked out,
1160248,2,2024-06-22,2024-06-25,2,1,2,TRN,VOI,229.45,458.9,Checked out,
1160299,2,2024-06-22,2024-07-04,1,1,1,TRN,WEB,296.06,296.06,Checked out,
1160775,1,2024-06-23,2024-06-27,2,1,2,TRN,OTA,235.19,470.38,Cancelled,2024-06-26
1160844,1,2024-06-23,2024-07-11,2,1,2,TRN,VOI,290.17,580.34,Checked out,
1160925,1,2024-06-23,2024-08-02,3,2,6,TRN,VOI,357.96,2147.76,Cancelled,2024-07-27
1161111,2,2024-06-23,2024-07-27,1,1,1,TRN,VOI,436.98,436.98,Checked out,
1162666,4,2024-06-25,2024-07-15,2,1,2,WHL,WHS,159.15,318.3,Checked out,
1164084,4,2024-06-27,2024-08-16,2,1,2,TRN,OTA,253.54,507.08,Checked out,
1164803,4,2024-06-28,2024-08-31,2,1,2,WHL,WHS,262.21,524.42,Cancelled,2024-08-04
1165988,3,2024-06-30,2024-07-03,1,1,1,TRN,WEB,294.08,294.08,Checked out,
1166245,5,2024-06-30,2024-07-12,2,1,2,TRN,VOI,230.18,460.36,Checked out,
1167683,5,2024-07-02,2024-07-26,2,1,2,TRN,OTA,201.33,402.66,Checked out,
1168839,3,2024-07-04,2024-08-10,2,1,2,TRN,OTA,460.65,921.3,Cancelled,2024-07-26
1169265,1,2024-07-05,2024-10-02,2,11,22,GRA,SAL,157.77,3470.94,Checked out,
1170077,2,2024-07-06,2024-07-26,3,1,3,TRN,VOI,427.3,1281.9,Checked out,
1171358,1,2024-07-08,2024-07-30,1,1,1,COR,GDS,247.83,247.83,Checked out,
1172298,2,2024-07-09,2024-09-05,4,1,4,TRN,WEB,244.85,979.4,Checked out,
1173753,3,2024-07-11,2024-07-23,1,1,1,TRN,VOI,251.98,,Checked out,
1174166,1,2024-07-12,2024-08-07,1,1,1,TRN,OTA,287.25,287.25,Checked out,
1174724,5,2024-07-12,2024-09-20,3,1,3,WHL,WHS,145.33,435.99,Checked out,
1175570,1,2024-07-14,2024-08-13,1,2,2,TRN,WEB,249.9,499.8,Checked out,
1178645,3,2024-07-18,2024-08-05,2,1,2,COR,VOI,232.65,465.3,Cancelled,2024-07-31
1179731,1,2024-07-20,2024-10-11,2,2,4,WHL,WHS,202.43,809.72,Checked out,
1180796,5,2024-07-21,2024-07-31,1,2,2,COR,GDS,151.53,303.06,Checked out,
1182000,4,2024-07-23,2024-08-07,3,1,3,TRN,VOI,222.44,667.32,Checked out,
1182785,1,2024-07-25,2024-07-28,2,1,2,TRN,OTA,255.45,510.9,Checked out,
1183225,3,2024-07-25,2024-08-23,2,1,2,TRN,OTA,370.67,741.34,Checked out,
1183316,4,2024-07-25,2024-08-17,1,2,2,COR,GDS,286.05,572.1,Checked out,
1184707,5,2024-07-27,2024-08-15,1,1,1,TRN,OTA,172.87,172.87,Cancelled,2024-08-12
1186498,3,2024-07-30,2024-09-20,2,1,2,COR,GDS,288.21,576.42,Checked out,
1186618,4,2024-07-30,2024-10-02,2,1,2,TRN,OTA,149.14,298.28,Cancelled,2024-08-21
1187172,3,2024-07-31,2024-08-27,2,1,2,TDS,OTA,214.74,429.48,Cancelled,2024-08-25
1187629,2,2024-08-01,2024-08-08,1,1,1,COR,GDS,333.38,333.38,Checked out,
1188400,2,2024-08-02,2024-09-21,5,1,5,TRN,WEB,378.18,1890.9,Checked out,
1188539,4,2024-08-02,2024-08-03,3,1,3,COR,WEB,324.6,973.8,Checked out,
1188570,4,2024-08-02,2024-08-14,2,1,2,TRN,OTA,219.55,439.1,Checked out,
1188604,4,2024-08-02,2024-08-27,4,1,4,TDS,WEB,185.9,743.6,Cancelled,2024-08-21
1189538,1,2024-08-04,2024-09-07,2,1,2,TRN,WEB,318.14,636.28,Checked out,
1189544,1,2024-08-04,2024-09-11,2,1,2,WHL,WHS,145.44,290.88,Checked out,
1190030,5,2024-08-04,2024-08-24,1,1,1,TRN,OTA,248.89,248.89,Cancelled,2024-08-23
1191198,4,2024-08-06,2024-08-12,3,1,3,TRN,OTA,223.4,670.2,Checked out,
1191461,1,2024-08-07,2024-08-26,1,1,1,TRN,OTA,274.95,274.95,Checked out,
1192450,3,2024-08-08,2024-08-19,1,1,1,TRN,OTA,237.57,237.57,Checked out,
1193039,2,2024-08-09,2024-09-20,2,1,2,TRN,WEB,380.27,760.54,Checked out,
1193365,1,2024-08-10,2024-08-12,1,1,1,COR,WEB,245.92,245.92,Checked out,
1193499,1,2024-08-10,2024-08-31,2,1,2,TRN,WEB,458.68,917.36,Checked out,
1193848,3,2024-08-10,2024-10-18,2,1,2,TRN,VOI,269.73,539.46,Checked out,
1193957,5,2024-08-10,2024-08-14,2,1,2,TRN,OTA,192.42,384.84,Checked out,
1194279,2,2024-08-11,2024-08-24,1,1,1,TRN,WEB,477.37,477.37,Cancelled,2024-08-15
1194416,3,2024-08-11,2024-08-30,2,1,2,TRN,OTA,399.45,798.9,Checked out,
1194539,4,2024-08-11,2024-09-20,4,1,4,TRN,OTA,266.36,1065.44,Checked out,
1194731,1,2024-08-12,2024-08-27,1,1,1,COR,GDS,237.21,237.21,Checked out,
1196174,3,2024-08-14,2024-10-17,3,1,3,WHL,WHS,150.76,452.28,Checked out,
1196536,1,2024-08-15,2024-12-14,5,1,5,TDS,OTA,222.34,1111.7,Cancelled,2024-09-07
1196797,4,2024-08-15,2024-08-20,1,1,1,COR,WEB,233.6,233.6,Checked out,
1197566,1,2024-08-17,2024-08-26,3,1,3,TRN,WEB,259.59,778.77,Checked out,
1198115,1,2024-08-18,2024-08-23,1,1,1,COR,GDS,348.59,348.59,Checked out,
1198356,2,2024-08-18,2024-10-01,3,1,3,TDS,VOI,185.14,555.42,No-show,
1199905,1,2024-08-21,2024-11-12,1,1,1,TRN,WEB,167.33,167.33,Checked out,
1200049,2,2024-08-21,2024-10-04,2,3,6,TRN,WEB,311.81,1870.86,Checked out,
1201496,5,2024-08-23,2024-08-29,1,1,1,COR,GDS,195.56,,Cancelled,2024-08-25
1201631,1,2024-08-24,2024-09-11,1,1,1,TRN,OTA,231.44,231.44,Checked out,
1203424,1,2024-08-27,2024-11-04,2,2,4,TDS,OTA,150.46,601.84,Cancelled,2024-08-30
1203781,4,2024-08-27,2024-10-15,1,1,1,TRN,WEB,163.08,163.08,Checked out,
1207904,5,2024-09-03,2024-09-10,2,2,4,TRN,OTA,129.06,516.24,Checked out,
1208140,2,2024-09-04,2024-09-12,3,1,3,TDS,OTA,207.07,621.21,Checked out,
1208230,2,2024-09-04,2024-10-11,2,1,2,TRN,OTA,269.27,538.54,Cancelled,2024-09-30
1208345,3,2024-09-04,2024-10-04,2,1,2,WHL,WHS,200.72,401.44,Checked out,
1208717,2,2024-09-05,2024-09-12,5,2,10,TRN,OTA,244.51,2445.1,Cancelled,2024-09-09
1208953,4,2024-09-05,2024-09-11,3,1,3,TDS,VOI,150.4,451.2,Checked out,
1209087,5,2024-09-05,2025-09-05,3,1,3,WHL,WHS,132.74,398.22,Cancelled,2025-01-27
1209814,1,2024-09-07,2024-10-11,3,1,3,TRN,OTA,265.46,796.38,Checked out,
1210901,5,2024-09-08,2024-10-11,3,1,3,TDS,VOI,126.97,380.91,Checked out,
1212512,5,2024-09-11,2024-09-13,2,1,2,TRN,VOI,180.1,360.2,Checked out,
1213685,5,2024-09-13,2024-09-23,2,1,2,TRN,WEB,127.08,254.16,Checked out,
1215278,4,2024-09-16,2024-10-09,1,1,1,TRN,WEB,148.63,148.63,Checked out,
1216250,3,2024-09-18,2024-09-25,1,1,1,COR,VOI,182.32,182.32,Checked out,
1217147,1,2024-09-20,2024-09-27,2,1,2,TRN,OTA,325.6,651.2,Checked out,
1217964,2,2024-09-21,2024-10-25,2,2,4,TDS,OTA,272.58,1090.32,Checked out,
1219317,4,2024-09-23,2024-10-18,2,3,6,TDS,WEB,176.51,1059.06,Checked out,
1219458,1,2024-09-24,2024-10-05,1,1,1,TRN,WEB,293.57,293.57,Cancelled,2024-09-24
1219858,4,2024-09-24,2024-10-25,4,1,4,TRN,WEB,217.57,870.28,Checked out,
1219905,5,2024-09-24,2024-10-04,2,1,2,TRN,OTA,177.73,355.46,Checked out,
1220162,2,2024-09-25,2024-10-03,1,1,1,COR,GDS,212.88,212.88,Checked out,
1220282,2,2024-09-25,2024-12-20,2,1,2,TRN,WEB,275.39,550.78,Checked out,
1220535,5,2024-09-25,2024-12-07,2,1,2,TRN,OTA,148.56,297.12,Checked out,
1220711,2,2024-09-26,2024-10-04,3,1,3,TRN,OTA,313.83,941.49,Checked out,
1221415,3,2024-09-27,2024-10-14,1,1,1,TRN,OTA,206.01,206.01,Checked out,
1222354,2,2024-09-29,2024-10-03,2,1,2,TRN,VOI,247.86,495.72,Cancelled,2024-10-02
1222847,1,2024-09-30,2024-10-21,2,1,2,TRN,OTA,193.56,387.12,Checked out,
1222916,2,2024-09-30,2024-10-05,3,1,3,TDS,OTA,327.43,982.29,Checked out,
1223262,5,2024-09-30,2024-10-20,4,1,4,TDS,OTA,97.25,389.0,Checked out,
1223458,2,2024-10-01,2024-10-02,3,1,3,TRN,OTA,240.79,722.37,Checked out,
1224089,2,2024-10-02,2024-10-19,2,1,2,TDS,WEB,282.3,564.6,Checked out,
1224283,4,2024-10-02,2024-10-07,2,1,2,TRN,OTA,160.47,320.94,Checked out,
1224501,1,2024-10-03,2024-10-23,2,2,4,TDS,VOI,177.23,708.92,Checked out,
1225690,2,2024-10-05,2024-10-18,2,1,2,WHL,WHS,251.26,502.52,Checked out,
1225911,4,2024-10-05,2024-10-15,1,1,1,COR,WEB,138.92,138.92,Checked out,
1227790,1,2024-10-09,2025-06-22,2,11,22,GRT,SAL,168.79,3713.38,Checked out,
1227833,2,2024-10-09,2024-10-17,2,1,2,TRN,VOI,246.85,493.7,Checked out,
1227887,2,2024-10-09,2024-10-26,2,1,2,TRN,OTA,393.13,786.26,Checked out,
1228148,5,2024-10-09,2024-10-24,4,1,4,TRN,OTA,127.15,508.6,Checked out,
1228207,1,2024-10-10,2024-10-16,1,1,1,COR,GDS,188.67,188.67,Checked out,
1228298,1,2024-10-10,2024-11-04,2,1,2,TRN,OTA,169.64,339.28,Checked out,
1228456,2,2024-10-10,2024-11-01,3,1,3,TDS,OTA,216.03,648.09,Checked out,
1228477,2,2024-10-10,2024-11-16,1,1,1,COR,GDS,284.57,284.57,Checked out,
1230854,5,2024-10-14,2024-10-31,2,1,2,TRN,WEB,119.1,238.2,Cancelled,2024-10-22
1230967,1,2024-10-15,2024-11-03,3,1,3,WHL,WHS,133.01,399.03,Checked out,
1231445,1,2024-10-16,2024-10-29,1,1,1,TRN,OTA,205.56,205.56,Checked out,
1232439,5,2024-10-17,2024-11-07,1,1,1,TRN,OTA,115.39,115.39,Cancelled,2024-11-04
1233750,2,2024-10-20,2024-11-05,1,1,1,TRN,WEB,185.44,185.44,Cancelled,2024-10-26
1234624,1,2024-10-22,2024-11-07,2,1,2,COR,GDS,172.97,345.94,Checked out,
1234825,2,2024-10-22,2024-12-06,1,1,1,TRN,VOI,248.18,248.18,Checked out,
1234985,4,2024-10-22,2024-11-11,2,1,2,WHL,WHS,107.49,214.98,Checked out,
1235935,3,2024-10-24,2024-11-16,1,1,1,TRN,WEB,239.14,239.14,No-show,
1235945,3,2024-10-24,2024-12-03,2,1,2,WHL,WHS,114.85,229.7,Checked out,
1237145,5,2024-10-26,2024-10-30,2,1,2,TRN,VOI,126.67,253.34,Checked out,
1237219,1,2024-10-27,2024-10-31,1,1,1,COR,GDS,203.6,203.6,Checked out,
1237234,1,2024-10-27,2024-11-02,2,1,2,TRN,OTA,277.47,554.94,Checked out,
1238826,1,2024-10-30,2025-02-14,2,1,2,TDS,WEB,169.66,339.32,Checked out,
1239316,1,2024-10-31,2024-12-02,2,1,2,TRN,OTA,177.29,354.58,Cancelled,2024-11-26
1242306,1,2024-11-06,2024-11-17,3,1,3,TDS,WEB,172.05,516.15,Checked out,
1242450,2,2024-11-06,2024-11-16,3,1,3,TRN,OTA,344.88,1034.64,Cancelled,2024-11-06
1244120,4,2024-11-09,2024-11-14,1,1,1,COR,VOI,135.39,135.39,Checked out,
1244234,5,2024-11-09,2024-12-19,1,1,1,COR,GDS,102.17,102.17,Checked out,
1244908,2,2024-11-11,2024-11-18,3,1,3,TRN,OTA,195.38,586.14,Checked out,
1245303,1,2024-11-12,2024-11-26,3,1,3,TRN,VOI,170.45,511.35,No-show,
1247192,4,2024-11-15,2024-11-29,3,2,6,TRN,WEB,185.75,1114.5,Checked out,
1247331,1,2024-11-16,2024-11-25,1,1,1,TRN,WEB,168.52,168.52,Checked out,
1247624,3,2024-11-16,2025-01-25,1,2,2,TRN,OTA,213.24,426.48,Checked out,
1248738,4,2024-11-18,2025-03-03,5,1,5,WHL,WHS,100.2,501.0,Checked out,
1249024,2,2024-11-19,2024-11-25,2,2,4,TRN,WEB,195.44,781.76,Cancelled,2024-11-20
1250251,4,2024-11-21,2024-11-28,1,1,1,TRN,WEB,155.38,155.38,Checked out,
1250321,4,2024-11-21,2025-02-08,3,1,3,WHL,WHS,161.01,483.03,Checked out,
1250475,1,2024-11-22,2024-12-21,2,2,4,TRN,WEB,256.48,1025.92,Checked out,
1250584,2,2024-11-22,2024-12-11,1,2,2,TRN,OTA,198.75,397.5,Checked out,
1250685,3,2024-11-22,2024-12-09,2,2,4,TRN,WEB,165.81,663.24,Checked out,
1251629,2,2024-11-24,2025-08-22,2,25,50,GRA,SAL,312.81,15640.5,Cancelled,2025-08-20
1251888,1,2024-11-25,2024-12-11,1,1,1,TDS,OTA,141.64,141.64,Cancelled,2024-12-07
1252151,3,2024-11-25,2024-12-12,2,1,2,TRN,VOI,168.74,337.48,Checked out,
1253276,4,2024-11-27,2024-12-26,2,1,2,TDS,OTA,135.94,271.88,Checked out,
1253713,4,2024-11-28,2024-12-05,3,1,3,TRN,VOI,156.95,470.85,Checked out,
1254299,1,2024-11-30,2024-12-01,1,1,1,COR,GDS,161.14,161.14,Checked out,
1254785,1,2024-12-01,2024-12-05,3,1,3,COR,GDS,200.59,601.77,Checked out,
1254807,1,2024-12-01,2024-12-08,1,2,2,TRN,OTA,190.52,381.04,Checked out,
1255170,4,2024-12-01,2024-12-12,2,1,2,TDS,WEB,131.09,262.18,Checked out,
1255271,1,2024-12-02,2024-12-04,3,1,3,COR,GDS,176.25,528.75,Checked out,
1255380,1,2024-12-02,2025-01-02,1,1,1,TDS,OTA,152.86,152.86,Checked out,
1256707,1,2024-12-05,2024-12-13,2,1,2,TRN,OTA,237.95,475.9,Cancelled,2024-12-12
1258260,1,2024-12-08,2024-12-19,3,1,3,TRN,WEB,194.03,582.09,Cancelled,2024-12-14
1258309,1,2024-12-08,2025-01-04,1,1,1,TRN,OTA,237.92,237.92,Checked out,
1259502,3,2024-12-10,2025-01-03,2,1,2,TRN,WEB,205.89,411.78,Checked out,
1260109,5,2024-12-11,2024-12-23,4,1,4,TDS,VOI,95.96,383.84,Checked out,
1260616,5,2024-12-12,2025-01-16,1,1,1,COR,GDS,91.86,91.86,Checked out,
1260887,3,2024-12-13,2024-12-19,1,1,1,TRN,OTA,180.94,180.94,Checked out,
1261173,1,2024-12-14,2025-01-02,2,1,2,TRN,WEB,176.28,352.56,Checked out,
1262151,1,2024-12-16,2024-12-27,2,1,2,TRN,WEB,235.02,470.04,Checked out,
1262250,2,2024-12-16,2024-12-19,2,2,4,TDS,WEB,198.44,793.76,Checked out,
1262454,4,2024-12-16,2024-12-25,1,1,1,TRN,OTA,149.96,149.96,Checked out,
1263155,1,2024-12-18,2025-03-13,1,1,1,TRN,OTA,178.68,178.68,Checked out,
1263226,2,2024-12-18,2025-01-16,2,1,2,COR,GDS,180.92,361.84,Checked out,
1264072,2,2024-12-20,2024-12-24,5,1,5,COR,GDS,186.46,932.3,Checked out,
1264300,4,2024-12-20,2025-01-10,4,1,4,TRN,OTA,168.55,674.2,Checked out,
1264487,1,2024-12-21,2025-01-25,1,1,1,TRN,OTA,232.27,232.27,Cancelled,2025-01-17
1264735,4,2024-12-21,2025-01-02,3,1,3,TRN,OTA,142.18,426.54,Checked out,
1265163,4,2024-12-22,2025-01-05,1,1,1,TRN,OTA,132.77,132.77,Checked out,
1265252,1,2024-12-23,2024-12-24,2,1,2,TDS,OTA,147.1,294.2,Checked out,
1265962,2,2024-12-24,2025-01-19,1,1,1,TRN,OTA,201.57,201.57,Checked out,
1268044,1,2024-12-29,2025-01-08,3,1,3,TDS,OTA,141.38,424.14,Cancelled,2025-01-02
1268128,1,2024-12-29,2025-04-01,4,1,4,TRN,WEB,187.0,748.0,Checked out,
1269271,3,2024-12-31,2025-01-17,2,1,2,TRN,WEB,219.58,439.16,Checked out,
1269486,1,2025-01-01,2025-01-11,4,1,4,TRN,OTA,235.29,941.16,Cancelled,2025-01-08
1269853,4,2025-01-01,2025-03-02,3,1,3,TDS,OTA,112.61,337.83,Checked out,
1270313,4,2025-01-02,2025-05-09,2,1,2,WHL,WHS,165.97,331.94,Checked out,
1270337,5,2025-01-02,2025-01-18,2,2,4,TRN,OTA,176.7,706.8,Checked out,
1271553,2,2025-01-05,2025-02-14,2,1,2,TRN,WEB,242.16,484.32,Checked out,
1271651,3,2025-01-05,2025-03-22,4,2,8,TDS,WEB,198.81,1590.48,Checked out,
1271995,2,2025-01-06,2025-01-24,2,1,2,TRN,WEB,228.93,457.86,Checked out,
1272639,4,2025-01-07,2025-01-15,2,1,2,TRN,OTA,121.71,243.42,Checked out,
1272763,1,2025-01-08,2025-01-15,2,1,2,TRN,OTA,183.11,,Checked out,
1273238,1,2025-01-09,2025-01-19,2,2,4,TRN,WEB,237.54,950.16,Checked out,
1273438,2,2025-01-09,2025-02-25,2,1,2,WHL,WHS,137.0,274.0,Checked out,
1274694,1,2025-01-12,2025-02-07,2,1,2,TRN,WEB,216.73,433.46,Checked out,
1275293,2,2025-01-13,2025-04-02,1,1,1,TRN,VOI,215.94,215.94,Checked out,
1275314,3,2025-01-13,2025-01-17,2,1,2,TRN,VOI,192.84,385.68,Checked out,
1275402,4,2025-01-13,2025-01-20,1,2,2,TRN,VOI,128.46,256.92,Checked out,
1276381,4,2025-01-15,2025-04-14,1,1,1,TRN,OTA,144.93,144.93,Checked out,
1276498,1,2025-01-16,2025-02-03,2,1,2,TDS,VOI,142.67,285.34,Checked out,
1277269,4,2025-01-17,2025-01-31,2,1,2,TRN,WEB,184.58,369.16,Checked out,
1277752,4,2025-01-18,2025-01-28,1,1,1,TRN,VOI,125.34,125.34,Checked out,
1279507,2,2025-01-22,2025-04-15,1,1,1,COR,WEB,196.7,196.7,Checked out,
1281206,1,2025-01-26,2025-02-14,2,1,2,TDS,OTA,193.99,387.98,Checked out,
1281325,2,2025-01-26,2025-02-07,2,1,2,TRN,OTA,246.15,492.3,Checked out,
1281448,3,2025-01-26,2025-02-14,3,1,3,TDS,WEB,221.44,664.32,Checked out,
1281701,1,2025-01-27,2025-02-16,3,1,3,TRN,WEB,179.11,537.33,Checked out,
1282923,3,2025-01-29,2025-05-30,2,2,4,TRN,OTA,226.74,906.96,Cancelled,2025-05-22
1282963,4,2025-01-29,2025-02-15,2,1,2,TRN,WEB,191.01,382.02,Checked out,
1283847,3,2025-01-31,2025-02-08,2,1,2,TRN,WEB,255.49,510.98,Cancelled,2025-02-05
1284218,2,2025-02-01,2025-02-09,2,1,2,TRN,OTA,210.81,421.62,Checked out,
1284473,4,2025-02-01,2025-05-23,2,1,2,TRN,WEB,202.15,404.3,Cancelled,2025-03-18
1284527,1,2025-02-02,2025-02-06,1,1,1,TRN,VOI,178.56,178.56,Checked out,
1284749,2,2025-02-02,2025-02-25,1,2,2,TRN,WEB,177.28,354.56,Checked out,
1286010,4,2025-02-04,2025-05-16,2,1,2,WHL,WHS,159.42,318.84,Checked out,
1286306,2,2025-02-05,2025-02-19,2,1,2,TRN,OTA,195.86,391.72,Checked out,
1286308,2,2025-02-05,2025-02-20,2,1,2,TRN,WEB,202.17,404.34,Checked out,
1286986,4,2025-02-06,2025-02-14,3,1,3,TRN,OTA,204.94,614.82,Checked out,
1287536,4,2025-02-07,2025-02-28,2,1,2,TRN,WEB,177.68,355.36,Checked out,
1288522,4,2025-02-09,2025-03-05,2,1,2,TRN,WEB,149.83,299.66,Checked out,
1289501,4,2025-02-11,2025-02-20,3,1,3,TDS,WEB,121.79,365.37,Checked out,
1290411,3,2025-02-13,2025-03-11,1,1,1,TRN,WEB,167.71,167.71,Checked out,
1290676,1,2025-02-14,2025-03-14,2,1,2,TDS,OTA,194.1,388.2,Checked out,
1292106,5,2025-02-16,2025-03-08,2,1,2,TDS,WEB,136.28,272.56,Cancelled,2025-02-23
1292457,3,2025-02-17,2025-03-09,3,1,3,TDS,VOI,145.54,436.62,Checked out,
1292538,4,2025-02-17,2025-03-15,1,1,1,TRN,OTA,196.63,196.63,Checked out,
1292727,1,2025-02-18,2025-03-20,2,1,2,TDS,VOI,180.74,361.48,Checked out,
1293447,3,2025-02-19,2025-03-05,1,1,1,TRN,OTA,173.68,173.68,Checked out,
1293487,3,2025-02-19,2025-03-28,4,1,4,WHL,WHS,159.94,639.76,Checked out,
1293847,2,2025-02-20,2025-03-15,2,1,2,TRN,OTA,273.41,546.82,Checked out,
1295070,3,2025-02-22,2025-07-07,2,1,2,WHL,WHS,183.32,366.64,Checked out,
1298496,1,2025-03-01,2025-03-10,1,1,1,COR,WEB,169.4,169.4,Cancelled,2025-03-04
1299237,2,2025-03-02,2025-03-19,1,1,1,TRN,WEB,233.05,233.05,Cancelled,2025-03-08
1300470,3,2025-03-04,2025-03-23,2,1,2,TRN,OTA,168.19,336.38,Cancelled,2025-03-05
1300652,5,2025-03-04,2025-03-26,3,1,3,TRN,WEB,103.63,310.89,Checked out,
1301050,3,2025-03-05,2025-03-24,2,1,2,WHL,WHS,126.11,252.22,Checked out,
1301424,2,2025-03-06,2025-03-08,2,1,2,TRN,OTA,308.46,,Checked out,
1302425,1,2025-03-08,2025-03-24,2,1,2,TRN,VOI,177.87,355.74,Checked out,
1302949,1,2025-03-09,2025-03-19,2,1,2,TDS,WEB,184.81,369.62,Checked out,
1303003,1,2025-03-09,2025-04-05,4,1,4,TRN,OTA,250.74,1002.96,Cancelled,2025-03-17
1303197,2,2025-03-09,2025-04-26,1,1,1,TRN,OTA,277.19,277.19,Checked out,
1303296,3,2025-03-09,2025-04-03,3,1,3,COR,GDS,171.87,515.61,Checked out,
1306500,2,2025-03-15,2025-04-17,1,1,1,COR,GDS,195.89,195.89,Checked out,
1306676,4,2025-03-15,2025-04-06,1,1,1,TDS,WEB,131.57,131.57,Checked out,
1308154,2,2025-03-18,2025-04-07,3,1,3,TRN,WEB,204.09,612.27,Checked out,
1308680,2,2025-03-19,2025-03-24,3,1,3,TRN,OTA,207.94,623.82,Checked out,
1308749,2,2025-03-19,2025-04-09,4,1,4,TRN,WEB,221.2,884.8,Checked out,
1308834,3,2025-03-19,2025-03-27,1,1,1,COR,WEB,171.6,171.6,Checked out,
1309046,5,2025-03-19,2025-05-13,1,1,1,TRN,WEB,123.7,123.7,Checked out,
1309351,2,2025-03-20,2025-05-19,3,1,3,WHL,WHS,168.11,504.33,Checked out,
1310336,2,2025-03-22,2025-03-28,2,1,2,COR,GDS,276.18,552.36,Checked out,
1310997,3,2025-03-23,2025-03-25,1,1,1,COR,GDS,142.34,142.34,Checked out,
1311016,3,2025-03-23,2025-03-31,3,1,3,TRN,OTA,172.06,516.18,Cancelled,2025-03-26
1313637,1,2025-03-28,2025-04-27,1,1,1,TDS,OTA,156.22,156.22,Checked out,
1314507,3,2025-03-29,2025-09-15,3,1,3,TRN,WEB,208.94,626.82,Checked out,
1316759,3,2025-04-02,2025-04-11,3,1,3,TRN,WEB,215.43,646.29,Checked out,
1317907,3,2025-04-04,2025-04-11,3,1,3,TRN,OTA,240.67,722.01,Cancelled,2025-04-05
1318354,2,2025-04-05,2025-04-14,6,1,6,TRN,OTA,208.47,1250.82,Checked out,
1319159,4,2025-04-06,2025-04-11,3,1,3,TRN,WEB,221.28,663.84,Checked out,
1319341,1,2025-04-07,2025-04-14,2,1,2,TRN,WEB,176.99,353.98,Checked out,
1319975,1,2025-04-08,2025-04-21,3,1,3,TRN,OTA,176.01,528.03,Checked out,
1320486,5,2025-04-08,2025-05-16,1,1,1,WHL,WHS,126.5,126.5,Checked out,
1321512,3,2025-04-10,2025-05-10,1,1,1,TRN,WEB,303.18,303.18,No-show,
1323749,2,2025-04-14,2025-05-10,2,1,2,WHL,WHS,323.25,646.5,Checked out,
1324326,2,2025-04-15,2025-04-30,1,1,1,TRN,OTA,192.7,192.7,Checked out,
1324391,2,2025-04-15,2025-06-06,2,1,2,WHL,WHS,239.41,478.82,Checked out,
1324690,1,2025-04-16,2025-04-20,2,1,2,TRN,WEB,173.05,346.1,Cancelled,2025-04-19
1325652,3,2025-04-17,2025-04-22,1,1,1,COR,VOI,144.86,144.86,Checked out,
1326132,2,2025-04-18,2025-04-24,1,1,1,COR,VOI,203.24,203.24,Checked out,
1326492,4,2025-04-18,2025-12-13,2,17,34,GRA,SAL,161.89,5504.26,Checked out,
1327007,3,2025-04-19,2025-07-13,2,1,2,TDS,OTA,221.43,442.86,Checked out,
1327063,4,2025-04-19,2025-05-09,2,1,2,TDS,OTA,205.77,411.54,Checked out,
1327273,1,2025-04-20,2025-05-09,2,1,2,TRN,OTA,372.44,744.88,Cancelled,2025-04-21
1327640,3,2025-04-20,2025-06-04,1,1,1,WHL,WHS,157.64,157.64,Checked out,
1329669,5,2025-04-23,2025-05-16,2,1,2,TRN,OTA,179.38,358.76,Checked out,
1329808,1,2025-04-24,2025-05-18,1,1,1,TRN,OTA,195.96,195.96,Checked out,
1329985,2,2025-04-24,2025-05-21,1,1,1,COR,WEB,200.04,200.04,Checked out,
1331292,2,2025-04-26,2025-06-19,3,1,3,WHL,WHS,205.02,615.06,Checked out,
1331851,2,2025-04-27,2025-05-21,3,2,6,TRN,WEB,225.61,1353.66,Checked out,
1333293,4,2025-04-29,2025-05-16,2,1,2,TDS,WEB,188.47,376.94,Checked out,
1333864,4,2025-04-30,2025-05-16,2,1,2,TRN,WEB,204.04,408.08,Cancelled,2025-05-08
1334265,2,2025-05-01,2025-05-24,4,1,4,TDS,VOI,321.79,1287.16,Checked out,
1334329,2,2025-05-01,2025-10-25,1,1,1,WHL,WHS,276.51,276.51,Checked out,
1335753,5,2025-05-03,2025-05-04,3,2,6,TRN,VOI,124.55,747.3,Checked out,
1335873,1,2025-05-04,2025-05-22,4,1,4,TDS,OTA,194.82,779.28,Checked out,
1336650,2,2025-05-05,2025-05-23,2,1,2,TRN,OTA,337.26,674.52,Checked out,
1336695,2,2025-05-05,2025-06-29,2,3,6,WHL,WHS,186.22,1117.32,Checked out,
1337879,3,2025-05-07,2025-05-09,1,3,3,TRN,VOI,372.86,1118.58,Checked out,
1338540,3,2025-05-08,2025-06-21,2,1,2,TRN,VOI,388.68,777.36,Checked out,
1339061,3,2025-05-09,2025-06-05,3,1,3,TRN,OTA,236.6,709.8,Checked out,
1339361,1,2025-05-10,2025-05-30,1,1,1,TRN,OTA,306.69,306.69,Checked out,
1339896,1,2025-05-11,2025-05-20,1,1,1,COR,GDS,206.06,206.06,Checked out,
1340423,4,2025-05-11,2025-07-14,2,1,2,TRN,WEB,216.26,432.52,No-show,
1340996,4,2025-05-12,2025-06-07,2,1,2,TRN,OTA,260.79,521.58,Cancelled,2025-06-04
1342083,2,2025-05-14,2025-07-04,2,1,2,TRN,WEB,407.16,814.32,Cancelled,2025-06-28
1342696,2,2025-05-15,2025-06-06,2,1,2,TRN,OTA,384.66,769.32,Checked out,
1343308,2,2025-05-16,2025-05-27,2,1,2,TRN,WEB,220.19,440.38,Checked out,
1343590,4,2025-05-16,2025-06-17,2,2,4,WHL,WHS,147.14,588.56,Cancelled,2025-05-20
1343849,1,2025-05-17,2025-06-27,2,1,2,TRN,OTA,315.59,631.18,Checked out,
1343912,2,2025-05-17,2025-05-22,2,1,2,TRN,WEB,271.1,542.2,Checked out,
1343931,2,2025-05-17,2025-05-29,1,1,1,TRN,WEB,226.78,226.78,Checked out,
1344989,5,2025-05-18,2025-07-18,4,1,4,TDS,OTA,219.07,876.28,Checked out,
1345728,1,2025-05-20,2025-05-29,1,2,2,COR,GDS,208.11,416.22,Checked out,
1346545,1,2025-05-21,2025-09-01,1,2,2,WHL,WHS,155.3,310.6,Checked out,
1346806,3,2025-05-21,2025-06-10,2,1,2,TRN,OTA,198.94,397.88,Checked out,
1347181,1,2025-05-22,2025-06-24,1,2,2,TRN,VOI,258.01,516.02,Cancelled,2025-06-09
1347620,5,2025-05-22,2025-05-27,4,1,4,TDS,VOI,98.46,393.84,Checked out,
1348431,1,2025-05-24,2025-06-04,1,1,1,COR,GDS,214.92,214.92,Checked out,
1348638,2,2025-05-24,2025-06-10,1,1,1,COR,GDS,229.45,229.45,Cancelled,2025-05-29
1348683,2,2025-05-24,2025-06-25,1,1,1,WHL,WHS,174.46,174.46,Checked out,
1349390,2,2025-05-25,2025-08-13,3,1,3,TDS,OTA,264.97,794.91,Checked out,
1349422,3,2025-05-25,2025-05-30,2,1,2,TDS,WEB,224.27,448.54,Checked out,
1349716,5,2025-05-25,2025-07-14,3,1,3,WHL,WHS,132.61,397.83,Checked out,
1349891,1,2025-05-26,2025-07-07,2,1,2,WHL,WHS,198.39,396.78,Checked out,
1350858,3,2025-05-27,2025-06-08,3,1,3,TRN,WEB,201.22,603.66,Checked out,
1351038,4,2025-05-27,2025-07-04,1,1,1,WHL,WHS,206.62,206.62,Checked out,
1351518,3,2025-05-28,2025-06-04,2,1,2,COR,GDS,202.73,405.46,Checked out,
1352186,2,2025-05-29,2025-08-04,2,1,2,WHL,WHS,231.66,463.32,Checked out,
1352463,5,2025-05-29,2025-06-19,1,1,1,TRN,WEB,146.04,146.04,Cancelled,2025-06-18
1352661,1,2025-05-30,2025-06-29,5,1,5,TDS,WEB,203.88,1019.4,Checked out,
1352744,2,2025-05-30,2025-06-02,2,1,2,COR,GDS,248.55,497.1,Checked out,
1354345,3,2025-06-01,2025-08-08,3,1,3,TDS,WEB,263.29,789.87,Checked out,
1355370,2,2025-06-03,2025-06-10,1,1,1,TRN,VOI,250.03,250.03,Checked out,
1356003,1,2025-06-04,2025-09-01,1,1,1,TDS,WEB,186.66,,Checked out,
1356224,3,2025-06-04,2025-06-12,1,1,1,TRN,VOI,225.73,225.73,Checked out,
1356818,2,2025-06-05,2025-07-01,2,1,2,WHL,WHS,233.97,467.94,Checked out,
1357164,5,2025-06-05,2025-06-22,1,1,1,TRN,VOI,152.95,152.95,Checked out,
1358621,1,2025-06-08,2025-06-19,2,3,6,COR,GDS,214.16,1284.96,Checked out,
1360780,2,2025-06-11,2025-06-18,2,1,2,TDS,WEB,227.81,455.62,Checked out,
1363032,3,2025-06-14,2025-06-28,2,1,2,TRN,OTA,359.7,719.4,Checked out,
1363445,1,2025-06-15,2025-07-25,2,1,2,TDS,OTA,333.87,667.74,Checked out,
1363812,4,2025-06-15,2025-06-28,1,2,2,TDS,OTA,285.63,571.26,Checked out,
1364937,2,2025-06-17,2025-06-22,2,2,4,TRN,OTA,262.5,1050.0,Cancelled,2025-06-19
1365258,4,2025-06-17,2025-06-23,1,1,1,COR,VOI,175.81,175.81,Checked out,
1367267,3,2025-06-20,2025-06-25,1,1,1,COR,WEB,215.89,215.89,Cancelled,2025-06-20
1368848,3,2025-06-22,2025-08-07,3,1,3,TRN,OTA,275.77,827.31,Cancelled,2025-07-07
1371001,1,2025-06-26,2025-06-30,1,1,1,TRN,WEB,233.45,233.45,Checked out,
1372517,1,2025-06-28,2025-08-03,1,2,2,COR,GDS,254.28,508.56,Cancelled,2025-07-27
1372705,2,2025-06-28,2025-07-31,2,1,2,COR,VOI,288.11,576.22,Checked out,
1372824,3,2025-06-28,2025-08-02,2,1,2,TDS,VOI,321.32,642.64,Checked out,
1372863,4,2025-06-28,2025-07-02,1,1,1,TRN,OTA,228.48,228.48,Cancelled,2025-07-01
1373338,2,2025-06-29,2025-07-28,1,1,1,WHL,WHS,228.02,228.02,Checked out,
1373746,1,2025-06-30,2025-07-04,2,1,2,TRN,VOI,420.43,840.86,Cancelled,2025-07-01
1373748,1,2025-06-30,2025-07-05,2,1,2,TRN,WEB,465.99,931.98,Checked out,
1374573,1,2025-07-01,2025-09-05,2,1,2,TDS,OTA,256.35,512.7,Checked out,
1374899,4,2025-07-01,2025-07-05,3,1,3,WHL,WHS,251.78,755.34,Checked out,
1377237,1,2025-07-05,2025-08-09,3,1,3,WHL,WHS,387.0,1161.0,Checked out,
1379017,5,2025-07-07,2025-08-04,2,1,2,TDS,OTA,127.04,254.08,Checked out,
1379446,3,2025-07-08,2025-07-14,1,1,1,TRN,WEB,253.39,253.39,Checked out,
1380901,4,2025-07-10,2025-07-18,4,1,4,TRN,OTA,413.42,1653.68,Checked out,
1382022,2,2025-07-12,2025-08-15,1,1,1,TRN,WEB,412.96,412.96,Cancelled,2025-07-14
1382521,1,2025-07-13,2025-08-21,1,1,1,TRN,OTA,282.32,282.32,Cancelled,2025-08-18
1382813,3,2025-07-13,2025-07-31,1,1,1,COR,VOI,237.4,237.4,Checked out,
1384083,3,2025-07-15,2025-08-03,3,1,3,TDS,WEB,238.01,714.03,Cancelled,2025-07-26
1384310,5,2025-07-15,2025-08-29,2,1,2,TRN,WEB,211.57,423.14,Checked out,
1385202,2,2025-07-17,2025-07-23,2,1,2,COR,WEB,280.49,560.98,Checked out,
1385351,2,2025-07-17,2025-11-07,3,1,3,WHL,WHS,207.71,623.13,Checked out,
1385527,4,2025-07-17,2025-08-16,2,1,2,TRN,VOI,291.4,582.8,Checked out,
1386035,3,2025-07-18,2025-07-28,2,1,2,COR,GDS,194.0,388.0,Checked out,
1386212,5,2025-07-18,2025-07-21,3,2,6,TRN,OTA,185.59,1113.54,Checked out,
1386819,4,2025-07-19,2025-08-19,2,1,2,TDS,VOI,172.5,345.0,Checked out,
1386919,5,2025-07-19,2025-09-19,1,1,1,TDS,OTA,191.37,191.37,Checked out,
1387537,5,2025-07-20,2025-08-11,3,1,3,TRN,VOI,156.2,468.6,Checked out,
1387702,1,2025-07-21,2025-08-23,2,1,2,TRN,VOI,387.33,774.66,Checked out,
1389080,2,2025-07-23,2025-08-15,2,1,2,TDS,WEB,389.9,779.8,Cancelled,2025-08-10
1389112,2,2025-07-23,2025-08-29,2,1,2,TRN,VOI,514.33,1028.66,Checked out,
1389438,1,2025-07-24,2025-07-29,1,2,2,TRN,WEB,276.21,552.42,Checked out,
1390025,5,2025-07-24,2025-08-07,1,1,1,COR,VOI,183.38,183.38,Checked out,
1390540,3,2025-07-25,2025-08-25,1,1,1,COR,GDS,221.97,221.97,Checked out,
1390619,4,2025-07-25,2025-08-13,2,1,2,TRN,OTA,222.56,445.12,Cancelled,2025-07-31
1391935,5,2025-07-27,2025-07-31,1,1,1,COR,WEB,167.41,167.41,Cancelled,2025-07-28
1392032,1,2025-07-28,2025-07-31,2,3,6,COR,WEB,305.12,1830.72,Checked out,
1392616,4,2025-07-28,2025-08-31,1,1,1,COR,GDS,186.39,186.39,Checked out,
1392773,1,2025-07-29,2025-08-12,3,1,3,TRN,OTA,267.45,802.35,Cancelled,2025-08-09
1393307,5,2025-07-29,2025-08-16,2,1,2,TRN,OTA,266.42,532.84,Checked out,
1393370,1,2025-07-30,2025-08-05,3,1,3,TRN,WEB,327.59,982.77,Checked out,
1397166,5,2025-08-04,2025-09-04,2,1,2,TRN,WEB,133.14,266.28,Checked out,
1397351,1,2025-08-05,2025-09-12,3,1,3,WHL,WHS,224.02,672.06,Checked out,
1397937,1,2025-08-06,2025-08-28,1,1,1,TRN,OTA,293.21,293.21,Cancelled,2025-08-10
1398300,4,2025-08-06,2025-08-19,2,1,2,TDS,OTA,201.18,402.36,Checked out,
1398614,2,2025-08-07,2025-08-15,2,1,2,TRN,OTA,470.53,941.06,Checked out,
1398867,4,2025-08-07,2025-08-11,1,1,1,TRN,WEB,218.97,218.97,Checked out,
1398882,4,2025-08-07,2025-08-14,2,1,2,COR,WEB,232.51,465.02,Cancelled,2025-08-10
1399107,1,2025-08-08,2025-08-21,1,1,1,TRN,OTA,327.62,327.62,Checked out,
1399440,3,2025-08-08,2025-08-21,2,1,2,COR,VOI,262.05,524.1,Checked out,
1399786,1,2025-08-09,2025-08-26,2,1,2,COR,GDS,248.25,496.5,Checked out,
1399941,2,2025-08-09,2025-09-03,1,1,1,TRN,WEB,249.26,249.26,Checked out,
1400687,3,2025-08-10,2025-11-08,3,1,3,WHL,WHS,195.57,586.71,Checked out,
1400759,4,2025-08-10,2025-08-31,1,1,1,TRN,OTA,221.8,221.8,Checked out,
1401551,1,2025-08-12,2025-08-20,1,1,1,TRN,WEB,320.32,320.32,Checked out,
1402379,2,2025-08-13,2026-02-20,2,1,2,WHL,WHS,179.09,358.18,Cancelled,2025-11-10
1403392,1,2025-08-15,2025-09-05,1,1,1,TDS,WEB,265.5,265.5,Cancelled,2025-09-03
1403550,2,2025-08-15,2025-09-04,1,1,1,TRN,OTA,264.08,264.08,Cancelled,2025-08-19
1403696,3,2025-08-15,2025-08-31,2,1,2,TRN,WEB,276.91,553.82,Checked out,
1405807,1,2025-08-19,2025-08-27,2,1,2,COR,VOI,293.38,586.76,Checked out,
1405823,1,2025-08-19,2025-08-29,3,1,3,TRN,OTA,393.19,1179.57,Cancelled,2025-08-27
1406013,2,2025-08-19,2025-09-06,3,1,3,TRN,OTA,398.94,1196.82,Checked out,
1406060,2,2025-08-19,2025-09-26,2,1,2,TRN,OTA,330.38,660.76,Checked out,
1406119,3,2025-08-19,2025-08-28,2,1,2,TRN,OTA,267.37,534.74,Cancelled,2025-08-23
1406160,3,2025-08-19,2025-09-13,1,1,1,TRN,OTA,304.7,304.7,Checked out,
1406192,4,2025-08-19,2025-08-20,1,1,1,COR,VOI,220.13,220.13,Checked out,
1409175,3,2025-08-24,2025-08-31,5,1,5,TRN,OTA,260.55,1302.75,Checked out,
1409416,5,2025-08-24,2025-09-20,1,1,1,TRN,VOI,237.63,237.63,Checked out,
1409897,4,2025-08-25,2025-09-10,3,1,3,WHL,WHS,124.99,374.97,Checked out,
1410166,2,2025-08-26,2025-09-01,3,1,3,TDS,WEB,210.18,630.54,Checked out,
1411150,5,2025-08-27,2025-09-13,2,2,4,TRN,WEB,188.53,754.12,Checked out,
1411933,1,2025-08-29,2025-10-29,3,1,3,TDS,WEB,173.08,519.24,Checked out,
1412532,1,2025-08-30,2025-10-30,2,1,2,TRN,OTA,223.17,446.34,Checked out,
1412970,1,2025-08-31,2025-09-10,4,2,8,COR,VOI,212.44,1699.52,Checked out,
1414140,1,2025-09-02,2025-09-12,2,1,2,TRN,WEB,328.16,656.32,Checked out,
1414213,1,2025-09-02,2025-09-25,1,1,1,TRN,OTA,225.23,225.23,Cancelled,2025-09-06
1414279,2,2025-09-02,2025-09-05,5,1,5,TDS,VOI,299.11,1495.55,Checked out,
1415986,1,2025-09-05,2025-09-19,2,1,2,TRN,WEB,377.86,755.72,Checked out,
1417203,2,2025-09-07,2025-09-15,2,1,2,COR,GDS,228.34,456.68,Checked out,
1417373,3,2025-09-07,2025-09-26,2,1,2,TRN,OTA,272.39,544.78,Cancelled,2025-09-08
1418071,4,2025-09-08,2025-10-11,1,3,3,TRN,OTA,240.82,722.46,Checked out,
1419011,2,2025-09-10,2025-09-30,4,2,8,COR,GDS,222.45,1779.6,Checked out,
1419350,1,2025-09-11,2025-09-18,2,1,2,TRN,OTA,232.5,465.0,Checked out,
1419514,2,2025-09-11,2025-09-18,3,1,3,TRN,WEB,247.17,741.51,Checked out,
1420837,3,2025-09-13,2025-10-11,3,1,3,TRN,WEB,269.88,809.64,Checked out,
1421330,2,2025-09-14,2025-11-28,7,1,7,TDS,OTA,220.06,1540.42,Cancelled,2025-09-24
1423189,4,2025-09-17,2025-10-22,3,1,3,TRN,OTA,145.54,436.62,Checked out,
1423576,2,2025-09-18,2025-11-07,1,1,1,TDS,VOI,229.56,229.56,Checked out,
1425229,2,2025-09-21,2025-09-29,1,1,1,TRN,OTA,250.27,250.27,Checked out,
1425405,3,2025-09-21,2025-09-30,1,1,1,TRN,WEB,213.47,213.47,Checked out,
1428596,1,2025-09-27,2025-09-30,1,1,1,COR,VOI,200.49,200.49,Checked out,
1429405,3,2025-09-28,2025-10-09,1,1,1,TDS,OTA,172.38,172.38,Checked out,
1429512,4,2025-09-28,2025-10-14,3,1,3,TRN,WEB,168.0,504.0,Checked out,
1429967,3,2025-09-29,2026-02-07,3,16,48,GRT,SAL,169.34,8128.32,Checked out,
1430217,1,2025-09-30,2025-11-01,2,1,2,TRN,OTA,252.98,505.96,Checked out,
1430481,4,2025-09-30,2025-10-08,2,1,2,COR,GDS,156.98,313.96,Checked out,
1430487,4,2025-09-30,2025-10-10,2,1,2,TRN,WEB,233.53,467.06,Cancelled,2025-10-08
1433575,2,2025-10-06,2025-11-07,1,1,1,WHL,WHS,195.7,195.7,Checked out,
1433769,4,2025-10-06,2025-10-24,3,1,3,TDS,WEB,190.36,571.08,Checked out,
1434129,2,2025-10-07,2025-10-24,2,1,2,TRN,WEB,316.95,633.9,Checked out,
1434451,1,2025-10-08,2025-10-11,3,1,3,TDS,VOI,332.06,996.18,Checked out,
1434581,1,2025-10-08,2025-11-18,2,1,2,TDS,OTA,149.65,299.3,Checked out,
1434996,5,2025-10-08,2025-10-17,2,1,2,TDS,OTA,145.68,291.36,Checked out,
1435270,2,2025-10-09,2025-10-24,1,1,1,TRN,OTA,275.0,275.0,Cancelled,2025-10-21
1435832,2,2025-10-10,2025-10-18,1,1,1,TDS,OTA,327.34,327.34,Cancelled,2025-10-13
1435958,3,2025-10-10,2025-10-16,2,1,2,TRN,WEB,205.32,410.64,Cancelled,2025-10-12
1436217,1,2025-10-11,2025-10-17,2,1,2,TRN,OTA,316.71,633.42,Cancelled,2025-10-13
1438377,1,2025-10-15,2025-10-17,3,1,3,TDS,WEB,292.91,878.73,No-show,
1438491,1,2025-10-15,2025-11-14,2,1,2,TRN,VOI,271.98,543.96,Checked out,
1438934,1,2025-10-16,2025-10-18,3,1,3,TRN,OTA,364.41,1093.23,Checked out,
1441002,1,2025-10-20,2025-11-06,3,2,6,TRN,OTA,205.95,1235.7,Checked out,
1441628,2,2025-10-21,2025-11-02,2,1,2,TDS,OTA,156.67,313.34,Cancelled,2025-10-24
1442358,4,2025-10-22,2025-10-31,1,1,1,TRN,WEB,227.93,227.93,Checked out,
1444705,1,2025-10-27,2025-11-19,2,1,2,TRN,VOI,199.18,398.36,Checked out,
1445669,1,2025-10-29,2025-11-13,1,1,1,COR,WEB,181.93,181.93,Checked out,
1446312,1,2025-10-30,2026-10-30,3,1,3,WHL,WHS,216.28,648.84,Confirmed,
1446758,2,2025-10-31,2025-11-01,1,1,1,TRN,VOI,375.66,375.66,Checked out,
1448060,4,2025-11-02,2025-12-19,2,1,2,TDS,WEB,160.39,320.78,Checked out,
1448149,1,2025-11-03,2025-11-07,3,1,3,TRN,WEB,263.66,790.98,Checked out,
1448533,5,2025-11-03,2025-11-07,2,1,2,TRN,WEB,140.99,281.98,Cancelled,2025-11-05
1448718,1,2025-11-04,2025-12-09,2,1,2,TDS,WEB,163.1,,Checked out,
1449051,4,2025-11-04,2026-02-13,2,1,2,TRN,OTA,188.01,376.02,Cancelled,2025-12-01
1449986,3,2025-11-06,2025-11-15,2,1,2,TRN,VOI,272.61,545.22,Checked out,
1450242,1,2025-11-07,2025-11-18,1,1,1,COR,WEB,169.63,169.63,Cancelled,2025-11-12
1450849,1,2025-11-08,2025-12-20,1,1,1,TRN,OTA,266.63,266.63,Checked out,
1452521,2,2025-11-11,2025-11-14,3,1,3,TRN,OTA,321.15,963.45,Checked out,
1452620,2,2025-11-11,2026-01-02,2,1,2,TRN,OTA,239.37,478.74,Checked out,
1452888,1,2025-11-12,2025-11-15,2,2,4,TRN,WEB,313.97,1255.88,Cancelled,2025-11-12
1453970,1,2025-11-14,2025-11-28,1,1,1,TRN,VOI,238.33,238.33,Cancelled,2025-11-24
1454427,1,2025-11-15,2025-11-21,2,1,2,TRN,WEB,328.77,657.54,Checked out,
1454549,1,2025-11-15,2026-01-17,1,3,3,TRN,WEB,279.28,837.84,Checked out,
1454712,2,2025-11-15,2026-07-02,3,1,3,WHL,WHS,229.6,688.8,Cancelled,2026-06-05
1454870,5,2025-11-15,2025-11-18,4,1,4,COR,GDS,96.83,387.32,Checked out,
1455852,4,2025-11-17,2025-12-19,3,1,3,TRN,OTA,209.91,629.73,Checked out,
1456816,3,2025-11-19,2025-12-02,5,1,5,TRN,WEB,185.89,929.45,Checked out,
1456856,3,2025-11-19,2026-01-22,4,1,4,WHL,WHS,138.04,552.16,Cancelled,2026-01-12
1457884,3,2025-11-21,2026-01-02,2,3,6,TRN,WEB,201.62,1209.72,Checked out,
1458125,1,2025-11-22,2025-12-17,1,1,1,TDS,WEB,155.66,155.66,Checked out,
1459051,1,2025-11-24,2025-12-03,4,1,4,TRN,WEB,194.27,777.08,Cancelled,2025-11-28
1459260,2,2025-11-24,2026-01-03,1,3,3,TDS,VOI,214.14,642.42,Checked out,
1459647,1,2025-11-25,2025-12-26,2,3,6,TRN,WEB,260.59,1563.54,Checked out,
1459779,2,2025-11-25,2025-12-23,2,1,2,TRN,OTA,209.21,418.42,Checked out,
1459918,3,2025-11-25,2026-02-13,2,1,2,TRN,VOI,215.36,430.72,Cancelled,2026-01-15
1460435,3,2025-11-26,2026-04-24,2,1,2,WHL,WHS,176.42,352.84,Checked out,
1460679,1,2025-11-27,2026-01-03,1,1,1,TRN,OTA,253.12,253.12,Cancelled,2025-12-20
1460804,2,2025-11-27,2025-12-29,1,1,1,COR,WEB,185.81,185.81,Checked out,
1461410,3,2025-11-28,2025-12-15,2,1,2,TRN,WEB,189.74,379.48,Cancelled,2025-12-03
1461828,2,2025-11-29,2025-12-30,3,1,3,TRN,VOI,216.1,648.3,Checked out,
1461922,3,2025-11-29,2025-12-22,2,2,4,TDS,OTA,155.6,622.4,Checked out,
1462257,2,2025-11-30,2025-12-04,2,1,2,TDS,WEB,195.93,391.86,Cancelled,2025-12-02
1462342,2,2025-11-30,2026-01-09,2,1,2,TDS,OTA,220.55,441.1,Checked out,
1462388,3,2025-11-30,2025-12-10,2,1,2,TRN,VOI,180.09,360.18,Checked out,
1463118,1,2025-12-02,2025-12-11,1,1,1,TRN,WEB,204.41,204.41,Checked out,
1464308,2,2025-12-04,2025-12-16,1,1,1,TRN,OTA,218.35,218.35,Checked out,
1465634,5,2025-12-06,2026-06-19,2,1,2,WHL,WHS,140.12,280.24,Cancelled,2026-04-14
1465652,1,2025-12-07,2025-12-11,2,1,2,TRN,OTA,211.84,423.68,Cancelled,2025-12-08
1465712,1,2025-12-07,2025-12-21,1,1,1,TDS,WEB,148.8,148.8,Checked out,
1465824,2,2025-12-07,2025-12-12,3,1,3,TRN,OTA,287.36,862.08,Checked out,
1467067,4,2025-12-09,2025-12-19,2,1,2,WHL,WHS,179.02,358.04,Checked out,
1467204,1,2025-12-10,2025-12-17,1,1,1,TDS,OTA,164.56,164.56,Checked out,
1469090,4,2025-12-13,2025-12-16,3,1,3,TDS,WEB,128.29,384.87,Checked out,
1469349,1,2025-12-14,2026-02-25,2,1,2,TDS,WEB,151.91,303.82,Checked out,
1469824,1,2025-12-15,2026-01-27,1,1,1,TRN,OTA,169.32,169.32,Cancelled,2025-12-25
1471266,1,2025-12-18,2025-12-31,3,1,3,TRN,OTA,218.44,655.32,Checked out,
1471539,3,2025-12-18,2026-01-05,3,1,3,TRN,OTA,173.13,519.39,Checked out,
1472043,4,2025-12-19,2025-12-22,2,1,2,TRN,OTA,148.15,296.3,Checked out,
1472894,2,2025-12-21,2026-01-17,4,2,8,TRN,VOI,306.47,2451.76,Cancelled,2025-12-29
1476401,2,2025-12-28,2026-02-19,1,1,1,TRN,OTA,213.82,213.82,Checked out,
1476944,3,2025-12-29,2026-01-17,1,1,1,TRN,OTA,279.31,279.31,Checked out,
1477792,2,2025-12-31,2026-01-23,3,2,6,TDS,OTA,207.3,1243.8,Checked out,
1478668,1,2026-01-02,2026-02-13,2,1,2,TRN,WEB,241.81,483.62,Checked out,
1478750,2,2026-01-02,2026-01-16,2,1,2,TRN,OTA,236.76,473.52,Checked out,
1479258,2,2026-01-03,2026-02-06,2,1,2,TRN,VOI,265.64,531.28,Checked out,
1479589,1,2026-01-04,2026-01-22,1,1,1,TDS,VOI,149.71,149.71,Checked out,
1479600,1,2026-01-04,2026-01-29,2,1,2,TRN,VOI,197.39,394.78,Checked out,
1480972,1,2026-01-07,2026-01-09,2,1,2,TRN,OTA,244.31,488.62,Checked out,
1481700,3,2026-01-08,2026-01-14,1,1,1,COR,GDS,148.45,148.45,Checked out,
1481812,4,2026-01-08,2026-01-21,2,1,2,TDS,VOI,116.26,232.52,Checked out,
1482674,3,2026-01-10,2026-01-15,2,2,4,COR,WEB,184.9,739.6,Checked out,
1482748,3,2026-01-10,2026-04-24,2,1,2,WHL,WHS,188.79,377.58,Checked out,
1483808,1,2026-01-13,2026-01-23,2,2,4,TRN,OTA,232.24,928.96,Cancelled,2026-01-20
1484097,3,2026-01-13,2026-02-04,1,1,1,TRN,OTA,174.57,174.57,Checked out,
1484585,3,2026-01-14,2026-02-06,2,1,2,TRN,WEB,224.61,449.22,Checked out,
1485663,4,2026-01-16,2026-03-19,3,1,3,TDS,WEB,163.57,490.71,Checked out,
1485865,2,2026-01-17,2026-01-23,2,1,2,TRN,WEB,248.53,497.06,Checked out,
1486144,5,2026-01-17,2026-01-30,3,2,6,TRN,WEB,137.76,826.56,Checked out,
1486281,1,2026-01-18,2026-02-13,2,1,2,TDS,VOI,208.06,416.12,Checked out,
1487352,2,2026-01-20,2026-02-03,1,1,1,TRN,OTA,181.88,181.88,Checked out,
1487544,4,2026-01-20,2026-01-30,2,1,2,TDS,OTA,168.92,337.84,Checked out,
1487797,2,2026-01-21,2026-01-23,4,1,4,TRN,OTA,256.14,1024.56,Checked out,
1489186,1,2026-01-24,2026-02-02,2,1,2,COR,GDS,167.0,334.0,Checked out,
1491136,5,2026-01-27,2026-02-04,1,2,2,TRN,OTA,114.28,228.56,Checked out,
1491752,1,2026-01-29,2026-02-06,2,1,2,TRN,WEB,221.05,442.1,Checked out,
1491917,2,2026-01-29,2026-02-05,2,1,2,COR,GDS,180.33,360.66,Cancelled,2026-02-03
1492172,4,2026-01-29,2026-02-14,1,1,1,TRN,WEB,198.38,198.38,Checked out,
1493027,2,2026-01-31,2026-02-28,3,1,3,TRN,WEB,279.85,839.55,Cancelled,2026-02-23
1493139,3,2026-01-31,2026-02-17,1,1,1,COR,WEB,149.71,149.71,Checked out,
1493219,4,2026-01-31,2026-02-14,3,1,3,TRN,OTA,213.05,639.15,Checked out,
1493439,1,2026-02-01,2026-03-05,1,1,1,TRN,WEB,178.39,178.39,Cancelled,2026-03-01
1493640,2,2026-02-01,2026-05-15,2,1,2,TRN,OTA,323.37,646.74,Checked out,
1494778,4,2026-02-03,2026-02-09,3,1,3,TRN,OTA,132.49,397.47,Cancelled,2026-02-08
1494999,1,2026-02-04,2026-02-27,2,1,2,WHL,WHS,183.54,367.08,Checked out,
1495006,1,2026-02-04,2026-03-03,2,1,2,TDS,WEB,163.29,326.58,Checked out,
1496260,2,2026-02-06,2026-07-17,3,17,51,GRT,SAL,323.47,16496.97,Checked out,
1496329,3,2026-02-06,2026-04-02,1,1,1,WHL,WHS,139.86,139.86,Checked out,
1496634,1,2026-02-07,2026-04-02,1,2,2,COR,GDS,199.67,399.34,Checked out,
1497394,4,2026-02-08,2026-02-14,4,1,4,TRN,OTA,246.16,984.64,Checked out,
1499257,2,2026-02-12,2026-02-17,1,1,1,COR,WEB,172.14,172.14,Checked out,
1501034,4,2026-02-15,2026-02-27,1,1,1,TDS,WEB,152.34,152.34,Cancelled,2026-02-20
1502382,2,2026-02-18,2026-03-02,1,1,1,TRN,WEB,219.76,219.76,Checked out,
1502964,2,2026-02-19,2026-03-27,2,1,2,TDS,WEB,220.95,441.9,Checked out,
1503220,5,2026-02-19,2026-04-26,2,1,2,WHL,WHS,82.93,165.86,Checked out,
1503905,1,2026-02-21,2026-04-10,2,1,2,WHL,WHS,177.38,354.76,Checked out,
1504463,1,2026-02-22,2026-04-23,1,1,1,TRN,WEB,209.71,209.71,Cancelled,2026-04-12
1505478,1,2026-02-24,2026-03-02,2,1,2,COR,VOI,179.63,359.26,Checked out,
1506878,2,2026-02-26,2026-07-02,2,1,2,TDS,OTA,311.92,623.84,Checked out,
1507306,2,2026-02-27,2026-03-10,2,1,2,TDS,VOI,175.26,350.52,Checked out,
1509131,3,2026-03-02,2026-03-06,2,1,2,TRN,OTA,232.36,,Checked out,
1509136,3,2026-03-02,2026-03-07,2,2,4,TRN,OTA,271.44,1085.76,Checked out,
1509820,4,2026-03-03,2026-03-11,1,1,1,TRN,OTA,142.24,142.24,Checked out,
1510061,1,2026-03-04,2026-04-05,3,1,3,WHL,WHS,124.78,374.34,Checked out,
1510211,2,2026-03-04,2026-04-16,2,1,2,TDS,WEB,182.61,365.22,Cancelled,2026-03-30
1510908,3,2026-03-05,2026-05-13,1,1,1,TRN,OTA,193.58,193.58,Cancelled,2026-05-04
1510995,4,2026-03-05,2026-04-10,2,1,2,TRN,OTA,191.4,382.8,Cancelled,2026-03-09
1511112,1,2026-03-06,2026-03-13,2,1,2,TRN,OTA,290.41,580.82,Checked out,
1511578,5,2026-03-06,2026-03-22,3,1,3,TRN,WEB,120.7,362.1,Checked out,
1511710,1,2026-03-07,2026-04-03,2,1,2,WHL,WHS,184.94,369.88,Checked out,
1512059,4,2026-03-07,2026-04-22,1,1,1,WHL,WHS,121.42,121.42,Checked out,
1512480,3,2026-03-08,2026-03-16,2,1,2,TRN,WEB,170.78,341.56,Checked out,
1512634,4,2026-03-08,2026-06-19,3,1,3,TDS,WEB,209.92,629.76,Cancelled,2026-05-04
1513037,3,2026-03-09,2026-03-27,3,1,3,TRN,WEB,218.92,656.76,Checked out,
1513306,1,2026-03-10,2026-03-30,1,1,1,TRN,WEB,182.59,182.59,Checked out,
1513444,2,2026-03-10,2026-03-21,2,1,2,TRN,OTA,348.2,696.4,Checked out,
1513527,2,2026-03-10,2026-06-21,2,1,2,WHL,WHS,169.77,339.54,Checked out,
1514350,5,2026-03-11,2026-03-15,3,1,3,TRN,WEB,99.32,297.96,Checked out,
1514379,5,2026-03-11,2026-04-01,2,1,2,COR,GDS,103.46,206.92,Checked out,
1515107,1,2026-03-13,2026-07-01,1,1,1,TDS,OTA,239.53,239.53,Cancelled,2026-05-26
1515423,4,2026-03-13,2026-04-24,1,1,1,TRN,OTA,189.82,189.82,Checked out,
1516083,1,2026-03-15,2026-03-18,1,1,1,TRN,WEB,220.38,220.38,Checked out,
1516087,1,2026-03-15,2026-03-19,1,1,1,TRN,WEB,248.59,248.59,Checked out,
1516236,1,2026-03-15,2026-06-02,1,1,1,TDS,WEB,194.11,194.11,Checked out,
1517786,1,2026-03-18,2026-03-25,1,1,1,TRN,WEB,192.48,192.48,Checked out,
1518462,2,2026-03-19,2026-03-29,3,1,3,TRN,WEB,208.09,624.27,Checked out,
1519880,5,2026-03-21,2026-03-30,2,1,2,TRN,OTA,115.6,231.2,Checked out,
1520000,1,2026-03-22,2026-04-05,2,1,2,TRN,WEB,192.59,385.18,Checked out,
1521386,3,2026-03-24,2026-04-05,2,2,4,TDS,VOI,149.34,597.36,Checked out,
1521499,4,2026-03-24,2026-04-03,2,1,2,TDS,OTA,181.67,363.34,Checked out,
1522427,2,2026-03-26,2026-04-11,1,1,1,TRN,OTA,297.03,297.03,Checked out,
1522479,2,2026-03-26,2026-06-06,1,1,1,WHL,WHS,264.87,264.87,Cancelled,2026-05-17
1522752,1,2026-03-27,2026-04-08,2,2,4,COR,WEB,195.99,783.96,Checked out,
1523894,1,2026-03-29,2026-04-25,3,1,3,TRN,WEB,270.6,811.8,Checked out,
1524126,3,2026-03-29,2026-04-04,2,2,4,TRN,OTA,290.74,1162.96,Cancelled,2026-03-29
1524334,5,2026-03-29,2026-05-16,2,1,2,TRN,WEB,205.42,410.84,Checked out,
1524521,2,2026-03-30,2026-04-02,2,1,2,COR,WEB,193.39,386.78,Checked out,
1524574,2,2026-03-30,2026-04-13,1,1,1,COR,VOI,193.76,193.76,Checked out,
1526088,1,2026-04-02,2026-04-17,2,1,2,TRN,WEB,259.67,519.34,Checked out,
1527826,1,2026-04-05,2026-04-15,2,2,4,TRN,WEB,199.29,797.16,Checked out,
1527958,2,2026-04-05,2026-04-09,1,1,1,TRN,OTA,236.79,236.79,Checked out,
1527981,2,2026-04-05,2026-04-12,1,2,2,TRN,OTA,198.02,396.04,Checked out,
1528267,4,2026-04-05,2026-04-15,1,1,1,TRN,WEB,154.35,154.35,Checked out,
1528751,3,2026-04-06,2026-04-11,2,1,2,TRN,WEB,291.0,582.0,Checked out,
1531269,4,2026-04-10,2026-05-22,2,1,2,TRN,OTA,259.01,518.02,Cancelled,2026-04-23
1532454,3,2026-04-12,2026-07-11,1,1,1,WHL,WHS,264.39,264.39,Cancelled,2026-05-30
1533268,1,2026-04-14,2026-04-17,2,1,2,TRN,VOI,260.13,520.26,Checked out,
1533285,1,2026-04-14,2026-04-21,6,1,6,TRN,VOI,204.83,1228.98,Checked out,
1533487,2,2026-04-14,2026-04-21,1,1,1,COR,VOI,210.67,210.67,Checked out,
1533847,5,2026-04-14,2026-05-06,5,1,5,TRN,VOI,116.75,583.75,Checked out,
1534822,2,2026-04-16,2026-05-25,2,1,2,TRN,OTA,222.05,444.1,Checked out,
1535449,2,2026-04-17,2026-07-04,1,1,1,TRN,WEB,429.02,429.02,No-show,
1535649,4,2026-04-17,2026-05-17,3,3,9,TRN,OTA,155.05,1395.45,Cancelled,2026-05-03
1536476,1,2026-04-19,2026-05-01,2,1,2,COR,VOI,276.55,553.1,Checked out,
1536678,2,2026-04-19,2026-05-01,1,1,1,TRN,WEB,344.67,344.67,Cancelled,2026-04-24
1536866,3,2026-04-19,2026-05-10,4,1,4,COR,GDS,190.47,761.88,Checked out,
1538175,3,2026-04-21,2026-05-08,2,1,2,TDS,WEB,266.42,532.84,Checked out,
1538583,1,2026-04-22,2026-06-05,3,1,3,WHL,WHS,221.73,665.19,Checked out,
1539619,3,2026-04-23,2026-06-26,2,1,2,TRN,WEB,276.34,552.68,Checked out,
1540127,2,2026-04-24,2026-05-12,1,1,1,TRN,VOI,221.49,221.49,Checked out,
1540326,3,2026-04-24,2026-06-19,2,1,2,TRN,OTA,288.11,576.22,Cancelled,2026-06-06
1541000,3,2026-04-25,2026-07-06,1,1,1,TDS,WEB,241.82,241.82,Checked out,
1541312,1,2026-04-26,2026-07-08,3,1,3,COR,WEB,270.74,812.22,Checked out,
1541360,2,2026-04-26,2026-05-01,2,1,2,TDS,WEB,300.71,601.42,Checked out,
1541799,5,2026-04-26,2026-06-05,2,1,2,TRN,WEB,186.51,373.02,Cancelled,2026-06-01
1542290,4,2026-04-27,2026-05-02,1,1,1,COR,VOI,260.44,260.44,Checked out,
1542540,1,2026-04-28,2026-05-10,1,1,1,TRN,WEB,255.92,255.92,Checked out,
1543196,1,2026-04-29,2026-05-15,2,1,2,TRN,WEB,290.33,580.66,Checked out,
1543204,1,2026-04-29,2026-05-18,1,1,1,WHL,WHS,162.54,162.54,Checked out,
1543723,5,2026-04-29,2026-05-07,2,1,2,TRN,OTA,157.52,315.04,Checked out,
1543786,1,2026-04-30,2026-05-04,2,1,2,WHL,WHS,161.42,322.84,Checked out,
1544436,1,2026-05-01,2026-05-05,1,1,1,COR,GDS,180.72,180.72,Checked out,
1545331,2,2026-05-02,2026-06-12,2,1,2,TRN,OTA,374.91,749.82,Checked out,
1545642,1,2026-05-03,2026-05-06,2,1,2,TRN,WEB,219.97,439.94,Checked out,
1545812,2,2026-05-03,2026-05-05,3,1,3,WHL,WHS,156.28,468.84,Checked out,
1547404,5,2026-05-05,2026-05-17,1,1,1,TRN,OTA,120.81,120.81,Checked out,
1548164,1,2026-05-07,2026-05-19,1,1,1,TRN,WEB,224.59,224.59,Cancelled,2026-05-13
1549592,2,2026-05-09,2026-05-22,2,1,2,TRN,OTA,334.24,668.48,Cancelled,2026-05-16
1550617,1,2026-05-11,2026-06-01,1,1,1,WHL,WHS,177.58,177.58,Checked out,
1550675,1,2026-05-11,2026-06-27,1,1,1,TRN,WEB,376.17,376.17,Checked out,
1551837,1,2026-05-13,2026-06-04,1,1,1,TRN,WEB,266.19,266.19,Checked out,
1552546,1,2026-05-14,2026-07-29,3,1,3,TRN,WEB,288.13,864.39,Checked out,
1552929,4,2026-05-14,2026-06-06,2,1,2,TRN,WEB,262.26,524.52,Checked out,
1553937,1,2026-05-16,2026-08-07,3,1,3,WHL,WHS,314.36,943.08,Checked out,
1554147,3,2026-05-16,2026-05-29,3,1,3,TRN,OTA,241.18,723.54,Cancelled,2026-05-27
1555598,4,2026-05-18,2026-05-27,2,1,2,COR,WEB,155.43,310.86,Checked out,
1555795,1,2026-05-19,2026-05-29,3,1,3,TRN,OTA,298.03,894.09,Checked out,
1555900,1,2026-05-19,2026-07-03,2,2,4,TRN,WEB,387.94,1551.76,Checked out,
1556341,4,2026-05-19,2026-06-20,3,1,3,TRN,OTA,394.8,1184.4,Checked out,
1556441,5,2026-05-19,2026-07-10,3,1,3,WHL,WHS,168.31,504.93,Checked out,
1558003,1,2026-05-22,2026-07-04,3,1,3,TRN,OTA,412.66,1237.98,Cancelled,2026-05-27
1558231,3,2026-05-22,2026-06-02,2,1,2,WHL,WHS,149.32,298.64,Checked out,
1558446,5,2026-05-22,2026-06-01,1,1,1,TDS,WEB,117.67,117.67,Checked out,
1558700,1,2026-05-23,2026-07-17,3,1,3,TRN,OTA,429.48,1288.44,Cancelled,2026-06-15
1558701,1,2026-05-23,2026-07-17,1,1,1,TRN,WEB,407.0,407.0,Checked out,
1558903,3,2026-05-23,2026-05-30,4,2,8,TRN,OTA,308.07,2464.56,Checked out,
1559521,2,2026-05-24,2026-07-12,3,1,3,TDS,OTA,261.41,784.23,Checked out,
1559606,3,2026-05-24,2026-06-02,2,1,2,TRN,OTA,239.75,479.5,Checked out,
1559668,3,2026-05-24,2026-06-29,3,1,3,TDS,OTA,188.39,565.17,Checked out,
1559716,4,2026-05-24,2026-05-26,2,1,2,COR,WEB,164.0,328.0,Checked out,
1560088,1,2026-05-25,2026-08-12,3,1,3,TDS,WEB,245.5,736.5,Checked out,
1560396,4,2026-05-25,2026-06-02,2,1,2,COR,WEB,163.9,327.8,Checked out,
1561623,3,2026-05-27,2026-06-15,3,1,3,COR,GDS,194.74,584.22,Checked out,
1562721,2,2026-05-29,2026-06-01,1,1,1,TRN,WEB,289.37,289.37,Cancelled,2026-05-29
1564157,2,2026-05-31,2026-06-24,1,1,1,TRN,WEB,294.57,294.57,Checked out,
1564955,3,2026-06-01,2026-06-11,1,1,1,COR,WEB,234.15,234.15,Checked out,
1565411,1,2026-06-02,2026-10-29,1,1,1,WHL,WHS,179.7,179.7,Confirmed,
1565495,2,2026-06-02,2026-06-25,3,1,3,TRN,OTA,318.58,955.74,Checked out,
1566013,1,2026-06-03,2026-07-04,3,2,6,TRN,OTA,452.14,2712.84,Cancelled,2026-06-09
1569142,4,2026-06-07,2026-06-15,2,1,2,TDS,VOI,159.0,318.0,Checked out,
1569229,5,2026-06-07,2026-06-15,1,1,1,TRN,WEB,152.06,152.06,Checked out,
1569790,4,2026-06-08,2026-06-21,2,1,2,TRN,OTA,190.81,381.62,Cancelled,2026-06-11
1570247,2,2026-06-09,2026-07-02,3,1,3,TRN,OTA,332.89,998.67,Checked out,
1570252,2,2026-06-09,2026-07-03,1,1,1,TRN,OTA,480.94,480.94,Checked out,
1570455,3,2026-06-09,2026-07-17,2,1,2,TRN,OTA,447.48,894.96,Cancelled,2026-06-11
1572212,1,2026-06-12,2026-07-25,2,2,4,TDS,VOI,343.91,1375.64,Checked out,
1572897,1,2026-06-13,2026-07-20,3,1,3,WHL,WHS,211.22,633.66,Cancelled,2026-06-27
1573457,1,2026-06-14,2026-06-22,1,1,1,TRN,VOI,244.62,244.62,Checked out,
1575280,3,2026-06-16,2026-06-23,3,1,3,TRN,OTA,219.15,657.45,Checked out,
1575406,4,2026-06-16,2026-06-22,4,1,4,TRN,WEB,201.06,804.24,Checked out,
1576947,5,2026-06-18,2026-07-07,4,1,4,TDS,OTA,159.87,639.48,Checked out,
1578819,2,2026-06-21,2026-09-18,3,1,3,TRN,WEB,411.87,1235.61,Checked out,
1579912,1,2026-06-23,2026-07-10,3,1,3,TDS,WEB,376.7,1130.1,Checked out,
1580715,1,2026-06-24,2026-07-27,3,2,6,TRN,OTA,283.5,1701.0,Cancelled,2026-07-15
1582242,2,2026-06-26,2026-07-11,1,1,1,TRN,WEB,515.66,515.66,Checked out,
1583343,1,2026-06-28,2026-07-12,3,1,3,WHL,WHS,244.7,734.1,Checked out,
1584675,5,2026-06-29,2026-07-22,2,1,2,WHL,WHS,134.63,269.26,Checked out,
1584987,2,2026-06-30,2026-07-08,3,1,3,TRN,VOI,354.9,1064.7,Checked out,
1585062,2,2026-06-30,2026-08-16,2,1,2,TRN,OTA,282.41,564.82,Cancelled,2026-07-02
1586152,1,2026-07-02,2026-07-13,1,1,1,TRN,WEB,272.08,272.08,Checked out,
1586577,4,2026-07-02,2026-07-04,3,1,3,TRN,OTA,382.63,1147.89,Checked out,
1588231,1,2026-07-05,2026-08-01,1,1,1,TRN,VOI,452.46,452.46,Cancelled,2026-07-25
1588842,1,2026-07-06,2026-07-14,1,1,1,TRN,VOI,269.97,,Checked out,
1588858,1,2026-07-06,2026-07-15,2,1,2,COR,WEB,263.26,526.52,Checked out,
1590486,2,2026-07-08,2026-07-25,3,1,3,TDS,WEB,473.34,1420.02,Checked out,
1591242,2,2026-07-09,2026-08-27,1,1,1,TDS,OTA,248.4,248.4,Checked out,
1591833,1,2026-07-10,2026-09-19,4,1,4,WHL,WHS,278.2,1112.8,Checked out,
1592134,3,2026-07-10,2026-08-02,3,1,3,TRN,OTA,267.77,803.31,Checked out,
1594682,2,2026-07-14,2026-08-12,3,1,3,WHL,WHS,221.92,665.76,Checked out,
1596392,5,2026-07-16,2026-09-09,3,1,3,TRN,OTA,136.71,410.13,Cancelled,2026-08-02
1596639,2,2026-07-17,2026-07-25,1,1,1,TRN,WEB,475.54,475.54,Checked out,
1597246,1,2026-07-18,2026-09-11,2,2,4,TRN,WEB,298.23,1192.92,Cancelled,2026-07-31
1598307,5,2026-07-19,2026-07-24,1,1,1,TRN,VOI,223.95,223.95,Checked out,
1599670,4,2026-07-21,2026-09-05,2,1,2,WHL,WHS,174.76,349.52,Checked out,
1600170,3,2026-07-22,2026-07-27,3,1,3,TDS,VOI,237.58,712.74,Checked out,
1600378,4,2026-07-22,2026-09-05,1,1,1,TDS,WEB,201.83,201.83,Cancelled,2026-08-08
1601028,4,2026-07-23,2026-08-15,2,1,2,TRN,VOI,385.68,771.36,Checked out,
1601569,2,2026-07-24,2026-10-11,3,1,3,TRN,OTA,221.06,663.18,Cancelled,2026-08-28
1601855,5,2026-07-24,2026-08-10,1,1,1,TDS,WEB,146.35,146.35,Checked out,
1603547,2,2026-07-27,2026-08-18,1,1,1,TDS,OTA,251.59,251.59,Checked out,
1603629,3,2026-07-27,2026-07-30,2,2,4,TRN,WEB,305.63,1222.52,Checked out,
1603695,3,2026-07-27,2026-08-24,4,1,4,TRN,OTA,309.07,1236.28,Checked out,
1604281,3,2026-07-28,2026-07-30,1,1,1,TRN,WEB,300.41,300.41,Checked out,
1604372,3,2026-07-28,2026-08-19,3,1,3,TRN,OTA,268.62,,Cancelled,2026-08-10
1604745,1,2026-07-29,2026-09-17,1,1,1,TRN,VOI,234.77,234.77,Checked out,
1604817,2,2026-07-29,2026-08-10,2,1,2,TRN,OTA,288.72,577.44,Checked out,
1605039,3,2026-07-29,2026-08-26,2,1,2,TRN,OTA,268.66,537.32,Cancelled,2026-08-09
1605118,4,2026-07-29,2026-08-23,2,1,2,WHL,WHS,156.34,312.68,Checked out,
1605708,4,2026-07-30,2026-08-10,1,1,1,COR,WEB,209.14,209.14,Checked out,
1606176,2,2026-07-31,2026-08-25,3,1,3,TRN,WEB,312.17,936.51,Checked out,
1606894,3,2026-08-01,2026-08-05,1,1,1,COR,GDS,261.53,261.53,Checked out,
1607938,1,2026-08-03,2026-08-16,3,1,3,TRN,OTA,303.14,909.42,Checked out,
1608793,2,2026-08-04,2026-08-27,2,1,2,TRN,WEB,352.22,704.44,Checked out,
1608839,2,2026-08-04,2026-09-18,3,1,3,TRN,OTA,447.15,1341.45,Checked out,
1608961,3,2026-08-04,2026-09-08,2,1,2,TRN,WEB,186.78,373.56,Checked out,
1609221,1,2026-08-05,2026-08-19,1,1,1,TRN,OTA,333.31,333.31,Checked out,
1609331,2,2026-08-05,2026-08-09,2,1,2,TRN,OTA,339.02,678.04,Checked out,
1609990,2,2026-08-06,2026-08-17,3,1,3,COR,WEB,301.0,903.0,Checked out,
1610101,2,2026-08-06,2026-10-10,3,1,3,WHL,WHS,237.55,712.65,Confirmed,
1611520,3,2026-08-08,2026-10-18,3,1,3,TRN,OTA,189.86,569.58,Cancelled,2026-09-15
1611537,4,2026-08-08,2026-08-10,2,1,2,TRN,OTA,272.19,544.38,Checked out,
1612554,1,2026-08-10,2027-06-22,3,1,3,TRN,OTA,276.44,829.32,Confirmed,
1612599,2,2026-08-10,2026-08-20,1,1,1,COR,GDS,322.86,322.86,Checked out,
1614627,2,2026-08-13,2026-09-09,3,1,3,COR,GDS,230.9,692.7,Checked out,
1616964,5,2026-08-16,2026-10-10,1,1,1,TRN,OTA,173.41,173.41,Confirmed,
1617799,2,2026-08-18,2026-08-28,2,1,2,TRN,WEB,514.74,1029.48,Cancelled,2026-08-22
1618343,2,2026-08-19,2026-08-21,1,1,1,COR,GDS,430.35,430.35,Checked out,
1618788,1,2026-08-20,2026-09-01,1,1,1,COR,GDS,210.06,210.06,Checked out,
1618875,1,2026-08-20,2026-10-10,3,1,3,WHL,WHS,246.04,738.12,Confirmed,
1618961,2,2026-08-20,2026-08-30,2,1,2,TRN,WEB,305.88,611.76,Checked out,
1619174,3,2026-08-20,2026-10-25,1,3,3,WHL,WHS,165.16,495.48,Confirmed,
1621065,5,2026-08-23,2026-09-11,2,1,2,TDS,OTA,153.13,306.26,Checked out,
1623230,3,2026-08-27,2026-09-19,2,2,4,TRN,OTA,377.87,1511.48,Checked out,
1623660,2,2026-08-28,2026-09-08,2,1,2,TRN,WEB,252.57,505.14,Checked out,
1623730,2,2026-08-28,2026-10-03,4,1,4,WHL,WHS,238.3,953.2,Confirmed,
1624709,1,2026-08-30,2026-09-10,1,1,1,TRN,WEB,248.56,248.56,Checked out,
1625039,3,2026-08-30,2026-09-07,1,1,1,TRN,OTA,200.45,200.45,Checked out,
1626304,5,2026-09-01,2026-09-08,2,1,2,TRN,OTA,141.12,282.24,Cancelled,2026-09-05
1626409,1,2026-09-02,2026-09-09,1,1,1,TRN,OTA,223.1,223.1,Checked out,
1627144,1,2026-09-03,2026-11-02,1,1,1,WHL,WHS,132.63,132.63,Confirmed,
1627333,3,2026-09-03,2026-09-09,2,1,2,TRN,WEB,225.65,451.3,Checked out,
1627474,4,2026-09-03,2026-09-17,3,1,3,TRN,WEB,210.1,630.3,Checked out,
1627822,2,2026-09-04,2026-09-15,2,1,2,TRN,WEB,257.74,515.48,Checked out,
1628232,1,2026-09-05,2026-09-16,2,1,2,TRN,WEB,239.35,478.7,Checked out,
1628382,2,2026-09-05,2026-09-11,2,1,2,COR,GDS,340.53,681.06,Checked out,
1628525,3,2026-09-05,2026-09-13,1,2,2,TRN,OTA,207.57,415.14,Checked out,
1629450,1,2026-09-07,2026-10-31,1,1,1,TRN,OTA,279.62,279.62,Confirmed,
1631432,3,2026-09-10,2026-10-05,2,2,4,TRN,OTA,201.43,805.72,Confirmed,
1632074,4,2026-09-11,2026-10-01,1,2,2,TRN,WEB,169.79,339.58,Cancelled,2026-09-27
1632996,2,2026-09-13,2026-10-04,1,1,1,TDS,OTA,199.07,199.07,Confirmed,
1634293,3,2026-09-15,2026-09-18,2,1,2,TRN,OTA,375.77,751.54,Cancelled,2026-09-17
1634423,4,2026-09-15,2026-09-24,1,1,1,TRN,OTA,203.5,203.5,Cancelled,2026-09-19
1634455,4,2026-09-15,2026-10-04,1,2,2,TRN,VOI,159.19,318.38,Confirmed,
1634829,2,2026-09-16,2026-10-05,3,1,3,TDS,VOI,190.79,572.37,Confirmed,
1636452,1,2026-09-19,2026-09-21,1,1,1,TRN,OTA,228.22,228.22,Cancelled,2026-09-20
1637599,5,2026-09-20,2026-09-27,1,1,1,TRN,OTA,131.39,131.39,Checked out,
1638145,4,2026-09-21,2026-10-24,1,1,1,TRN,WEB,307.28,307.28,Confirmed,
1638548,2,2026-09-22,2026-10-26,1,1,1,TRN,OTA,249.98,249.98,Confirmed,
1638567,2,2026-09-22,2026-11-16,3,1,3,TRN,OTA,206.82,620.46,Confirmed,
1638637,3,2026-09-22,2026-10-13,1,1,1,TDS,OTA,173.72,173.72,Confirmed,
1639037,2,2026-09-23,2026-09-29,2,1,2,COR,VOI,233.58,467.16,Checked out,
1639369,5,2026-09-23,2026-10-01,2,1,2,COR,VOI,138.43,276.86,Confirmed,
1639559,1,2026-09-24,2026-10-15,1,1,1,COR,VOI,211.34,211.34,Confirmed,
1640994,3,2026-09-26,2026-09-30,1,1,1,TRN,WEB,221.41,221.41,Checked out,
1642097,2,2026-09-28,2026-10-25,1,1,1,TRN,WEB,280.72,280.72,Confirmed,
1643125,1,2026-09-30,2026-11-28,2,1,2,TRN,WEB,260.99,521.98,Confirmed,
1643230,2,2026-09-30,2026-10-20,1,1,1,WHL,WHS,181.22,181.22,Confirmed,
