request_id,hotel_id,request_date,arrival_date,nights,rooms,segment,channel,quoted_rate
5000117,1,2023-11-12,2023-11-17,3,1,TRN,WEB,255.2
5000184,1,2023-12-18,2023-12-22,4,1,TRN,OTA,245.29
5000345,1,2023-12-21,2023-12-29,2,1,COR,VOI,233.39
5001592,1,2024-06-08,2024-06-15,1,1,TRN,OTA,399.66
5001895,1,2024-06-13,2024-06-22,4,1,TRN,WEB,317.83
5001946,1,2024-06-12,2024-06-22,4,1,TRN,OTA,331.75
5002143,1,2024-06-21,2024-06-28,3,1,TRN,OTA,266.47
5002232,1,2024-06-27,2024-06-29,1,2,TRN,OTA,326.27
5002771,1,2024-07-05,2024-07-12,2,1,TRN,OTA,398.26
5002844,1,2024-07-04,2024-07-13,1,1,TRN,OTA,374.61
5002978,1,2024-07-04,2024-07-19,2,1,TRN,VOI,369.0
5003286,1,2024-07-04,2024-07-20,1,1,TRN,OTA,408.06
5003419,1,2024-07-15,2024-07-20,5,1,TRN,WEB,396.15
5004416,1,2024-07-28,2024-08-09,3,1,WHL,WHS,258.8
5004737,1,2024-08-12,2024-08-15,3,2,COR,GDS,268.34
5004754,1,2024-08-05,2024-08-16,3,1,TRN,WEB,371.94
5005151,1,2024-08-15,2024-08-24,1,1,TRN,OTA,383.73
5005208,1,2024-08-14,2024-08-24,2,3,TRN,OTA,343.38
5005256,1,2024-08-14,2024-08-24,3,2,TRN,OTA,406.27
5005286,1,2024-08-16,2024-08-29,3,1,TRN,OTA,283.56
5005426,1,2024-08-27,2024-08-30,2,2,TDS,WEB,294.76
5006577,1,2024-09-30,2024-10-12,2,1,TRN,OTA,282.31
5007207,1,2025-04-29,2025-05-02,2,1,TDS,VOI,237.61
5007276,1,2025-04-30,2025-05-03,3,1,TRN,VOI,299.15
5007827,1,2025-05-11,2025-05-23,2,1,TRN,OTA,270.92
5008013,1,2025-05-16,2025-05-24,2,2,TRN,WEB,286.21
5008180,1,2025-05-23,2025-05-30,3,1,TRN,WEB,269.73
5008645,1,2025-06-09,2025-06-14,2,1,TRN,OTA,340.88
5008676,1,2025-06-02,2025-06-14,2,1,TRN,OTA,306.34
5008794,1,2025-06-04,2025-06-20,4,1,WHL,WHS,207.03
5008828,1,2025-06-13,2025-06-20,2,2,TRN,OTA,337.93
5008953,1,2025-06-16,2025-06-21,1,1,COR,WEB,400.67
5008974,1,2025-06-15,2025-06-21,3,1,TRN,VOI,401.49
5009013,1,2025-06-15,2025-06-21,6,2,TRN,WEB,412.59
5009065,1,2025-06-01,2025-06-21,4,1,WHL,WHS,315.4
5009072,1,2025-06-15,2025-06-21,1,1,TRN,WEB,395.85
5009144,1,2025-06-17,2025-06-26,3,1,TRN,OTA,246.99
5009661,1,2025-07-02,2025-07-10,4,1,TRN,VOI,288.3
5009730,1,2025-06-26,2025-07-11,2,1,TRN,VOI,358.77
5010515,1,2025-07-13,2025-07-19,1,1,TRN,VOI,436.97
5010810,1,2025-07-21,2025-07-25,2,1,COR,GDS,323.35
5011344,1,2025-06-30,2025-08-01,2,1,TRN,OTA,363.28
5011559,1,2025-07-20,2025-08-01,3,1,TRN,VOI,382.68
5011592,1,2025-06-28,2025-08-01,3,2,TRN,OTA,367.34
5012001,1,2025-07-30,2025-08-08,2,1,TRN,WEB,350.6
5012009,1,2025-07-29,2025-08-08,2,1,TRN,OTA,382.89
5012303,1,2025-08-01,2025-08-09,2,1,TRN,OTA,516.67
5012459,1,2025-08-07,2025-08-13,3,1,TRN,OTA,266.44
5012901,1,2025-08-16,2025-08-22,2,3,TRN,OTA,331.29
5013378,1,2025-08-27,2025-08-29,2,2,TRN,OTA,413.5
5013573,1,2025-08-27,2025-08-30,1,1,TRN,OTA,401.76
5013722,1,2025-08-08,2025-08-30,3,1,TRN,OTA,387.07
5013920,1,2025-08-23,2025-09-05,3,1,TDS,OTA,258.23
5013965,1,2025-08-29,2025-09-06,3,1,TRN,OTA,304.62
5013983,1,2025-08-21,2025-09-06,1,1,TRN,WEB,308.9
5014370,1,2025-09-28,2025-10-02,3,1,TDS,WEB,198.21
5014499,1,2025-09-30,2025-10-10,3,1,TDS,WEB,249.93
5014625,1,2025-10-06,2025-10-11,3,1,TRN,OTA,302.48
5015251,1,2026-04-06,2026-04-09,3,1,TRN,WEB,196.21
5015269,1,2026-04-06,2026-04-11,2,1,TRN,WEB,252.76
5015684,1,2026-05-01,2026-05-15,3,1,TRN,WEB,261.99
5015923,1,2026-05-11,2026-05-22,2,1,TDS,OTA,241.7
5015971,1,2026-05-11,2026-05-22,2,1,WHL,WHS,205.72
5016189,1,2026-05-26,2026-05-29,3,1,TRN,OTA,296.61
5016322,1,2026-05-30,2026-06-05,2,1,TRN,WEB,284.33
5016766,1,2026-06-16,2026-06-19,3,1,TRN,VOI,311.16
5017008,1,2026-06-10,2026-06-20,1,2,TRN,OTA,433.93
5018103,1,2026-06-29,2026-07-10,3,1,TRN,OTA,373.19
5018469,1,2026-07-07,2026-07-17,2,1,TRN,WEB,428.27
5018845,1,2026-07-10,2026-07-24,1,1,TRN,OTA,378.48
5018849,1,2026-07-18,2026-07-24,2,1,TRN,OTA,370.43
5018910,1,2026-07-17,2026-07-24,3,2,TRN,OTA,368.11
5019470,1,2026-07-26,2026-07-31,3,1,TRN,OTA,356.52
5019726,1,2026-08-03,2026-08-04,3,1,TRN,WEB,280.61
5019759,1,2026-07-22,2026-08-06,3,1,TRN,OTA,293.27
5020171,1,2026-07-25,2026-08-08,1,1,TRN,OTA,559.35
5020324,1,2026-08-02,2026-08-14,4,1,TRN,OTA,348.74
5021490,1,2026-08-31,2026-09-04,3,1,TRN,OTA,312.74
5021578,1,2026-08-30,2026-09-05,2,1,TRN,OTA,330.11
5021615,1,2026-08-23,2026-09-05,2,1,WHL,WHS,239.51
5021635,1,2026-09-01,2026-09-10,3,1,COR,WEB,230.18
5021798,1,2026-09-14,2026-09-17,3,1,COR,WEB,228.39
5021865,1,2026-09-06,2026-09-18,2,1,TRN,OTA,400.04
5022324,2,2023-12-17,2023-12-22,3,1,TRN,WEB,272.69
5022467,2,2023-12-21,2023-12-29,3,1,TRN,WEB,243.07
5022521,2,2023-12-22,2023-12-29,2,1,TDS,WEB,220.15
5022727,2,2024-01-06,2024-01-13,2,1,TRN,WEB,265.36
5022880,2,2024-04-29,2024-05-03,4,1,TDS,VOI,243.11
5022924,2,2024-05-03,2024-05-10,2,1,TRN,OTA,347.15
5023135,2,2024-05-10,2024-05-17,2,1,TRN,WEB,297.78
5023571,2,2024-06-02,2024-06-06,3,1,COR,GDS,234.78
5023576,2,2024-05-31,2024-06-06,5,2,TRN,WEB,270.56
5023597,2,2024-06-03,2024-06-07,2,1,TRN,OTA,336.27
5023996,2,2024-06-08,2024-06-15,3,1,TRN,VOI,432.06
5024333,2,2024-06-24,2024-06-28,3,1,TRN,OTA,309.59
5025260,2,2024-07-05,2024-07-19,2,1,TDS,VOI,346.59
5025496,2,2024-07-17,2024-07-26,3,1,TRN,OTA,379.11
5025647,2,2024-07-20,2024-07-27,1,1,TRN,VOI,441.56
5025668,2,2024-07-12,2024-07-27,2,1,TRN,OTA,378.08
5025938,2,2024-07-27,2024-08-03,3,1,TRN,VOI,402.2
5026255,2,2024-08-02,2024-08-09,3,1,TDS,OTA,360.99
5026257,2,2024-08-01,2024-08-09,2,3,TRN,WEB,386.19
5026297,2,2024-07-26,2024-08-10,1,1,TRN,VOI,519.37
5026395,2,2024-08-04,2024-08-10,4,1,TRN,OTA,545.35
5026723,2,2024-08-20,2024-08-23,2,1,TRN,WEB,400.12
5026941,2,2024-08-14,2024-08-29,3,1,TRN,VOI,294.94
5027255,2,2024-08-27,2024-08-30,2,1,TDS,VOI,377.9
5027574,2,2024-09-04,2024-09-06,4,1,TRN,OTA,323.73
5027908,2,2024-09-18,2024-09-21,2,1,TRN,WEB,371.2
5028075,2,2024-09-17,2024-09-28,1,1,TRN,WEB,331.07
5028145,2,2024-09-25,2024-09-28,1,1,TRN,WEB,303.75
5028489,2,2024-10-14,2024-10-26,3,1,TDS,WEB,313.21
5028652,2,2024-12-22,2024-12-28,1,1,TRN,OTA,298.56
5028675,2,2024-12-21,2024-12-28,3,1,TDS,VOI,221.52
5028864,2,2025-04-27,2025-05-02,3,1,TRN,WEB,313.14
5028879,2,2025-04-25,2025-05-03,3,1,TRN,WEB,286.59
5028946,2,2025-04-23,2025-05-09,2,1,WHL,WHS,246.93
5029110,2,2025-05-06,2025-05-10,3,1,TDS,VOI,323.35
5029173,2,2025-05-06,2025-05-10,2,2,TRN,WEB,394.82
5029503,2,2025-05-08,2025-05-23,2,1,TRN,OTA,291.27
5029619,2,2025-05-15,2025-05-24,2,1,TRN,OTA,305.23
5029901,2,2025-05-29,2025-06-06,2,1,TRN,OTA,323.45
5030571,2,2025-06-23,2025-06-28,2,1,TRN,OTA,338.19
5030736,2,2025-06-30,2025-07-04,3,1,TRN,VOI,392.16
5031087,2,2025-07-01,2025-07-12,5,1,TRN,OTA,382.92
5031421,2,2025-07-09,2025-07-18,2,1,TRN,OTA,485.63
5031609,2,2025-07-17,2025-07-25,5,1,TRN,OTA,400.95
5031755,2,2025-07-20,2025-07-31,3,1,TDS,VOI,293.32
5032222,2,2025-07-22,2025-08-01,2,1,TRN,OTA,390.79
5032379,2,2025-07-10,2025-08-02,1,1,TRN,OTA,387.83
5032599,2,2025-07-23,2025-08-08,3,1,TRN,WEB,420.85
5032635,2,2025-07-29,2025-08-08,2,1,TRN,OTA,415.25
5032709,2,2025-08-03,2025-08-08,3,1,TRN,OTA,412.4
5033000,2,2025-08-02,2025-08-15,2,2,TRN,WEB,419.5
5033007,2,2025-08-06,2025-08-15,3,1,TDS,OTA,350.36
5033190,2,2025-08-11,2025-08-21,2,2,TRN,WEB,307.08
5033245,2,2025-08-08,2025-08-22,2,1,TRN,VOI,379.05
5034762,2,2025-09-11,2025-09-20,4,1,TDS,OTA,356.85
5034786,2,2025-09-11,2025-09-20,1,1,TRN,OTA,400.51
5034974,2,2025-09-30,2025-10-04,3,1,TRN,VOI,299.06
5035530,2,2025-10-27,2025-10-31,5,1,TRN,WEB,301.47
5035900,2,2026-02-09,2026-02-13,3,1,TRN,OTA,277.67
5035950,2,2026-02-08,2026-02-14,1,1,COR,WEB,288.47
5036193,2,2026-03-25,2026-04-03,2,1,TRN,OTA,282.04
5036245,2,2026-03-30,2026-04-04,3,2,TRN,WEB,294.89
5036283,2,2026-05-05,2026-05-08,3,2,TRN,WEB,370.89
5036495,2,2026-05-05,2026-05-13,3,1,TRN,OTA,227.32
5036939,2,2026-05-26,2026-06-04,2,1,COR,WEB,260.14
5036951,2,2026-05-30,2026-06-04,2,1,TRN,VOI,269.37
5037064,2,2026-05-29,2026-06-05,2,1,TRN,WEB,337.15
5037623,2,2026-06-14,2026-06-20,2,1,COR,GDS,441.25
5037642,2,2026-06-04,2026-06-20,1,1,TRN,OTA,464.84
5037859,2,2026-06-24,2026-06-26,3,2,TRN,WEB,347.6
5038049,2,2026-06-26,2026-07-03,2,1,TRN,OTA,408.05
5038063,2,2026-06-28,2026-07-03,2,1,TDS,WEB,334.67
5038117,2,2026-06-26,2026-07-03,2,1,TRN,WEB,393.14
5038293,2,2026-06-23,2026-07-04,1,1,TRN,OTA,403.12
5038305,2,2026-06-29,2026-07-04,1,1,TRN,OTA,396.17
5038429,2,2026-07-07,2026-07-10,2,1,TRN,VOI,429.0
5038476,2,2026-06-30,2026-07-10,2,1,TRN,OTA,425.03
5038589,2,2026-07-02,2026-07-11,1,1,TRN,OTA,420.73
5038889,2,2026-07-11,2026-07-17,1,1,TDS,OTA,472.36
5039874,2,2026-06-29,2026-08-01,2,1,TRN,VOI,394.48
5040290,2,2026-07-23,2026-08-07,2,1,TRN,OTA,422.91
5040326,2,2026-08-02,2026-08-07,2,1,TRN,OTA,399.38
5040480,2,2026-07-24,2026-08-07,3,1,WHL,WHS,326.07
5041298,2,2026-08-14,2026-08-21,2,1,TRN,WEB,403.34
5041406,2,2026-08-17,2026-08-22,1,1,TRN,WEB,457.94
5042161,2,2026-08-26,2026-09-18,5,1,TRN,OTA,398.82
5042252,2,2026-09-14,2026-09-18,3,1,TRN,OTA,401.71
5042348,2,2026-08-29,2026-09-18,5,2,TRN,WEB,427.14
5042416,2,2026-09-18,2026-09-19,2,1,COR,VOI,386.37
5042484,2,2026-08-31,2026-09-19,2,1,WHL,WHS,302.5
5042520,2,2026-09-10,2026-09-19,3,1,TDS,WEB,321.62
5042614,2,2026-09-27,2026-10-09,2,1,TDS,WEB,270.37
5043241,3,2023-12-13,2023-12-30,2,1,TRN,OTA,209.77
5043251,3,2023-12-17,2023-12-30,1,3,TRN,VOI,245.64
5043840,3,2024-06-15,2024-06-28,2,1,TDS,WEB,219.88
5044418,3,2024-07-12,2024-07-12,2,2,TRN,WEB,316.08
5044518,3,2024-07-03,2024-07-13,3,1,TRN,OTA,325.31
5044597,3,2024-07-11,2024-07-18,5,2,TRN,WEB,253.34
5045241,3,2024-07-22,2024-08-01,3,1,TRN,WEB,247.94
5045673,3,2024-08-01,2024-08-09,2,2,TRN,WEB,298.56
5045700,3,2024-08-05,2024-08-09,2,1,TRN,WEB,344.18
5045828,3,2024-07-28,2024-08-10,1,1,WHL,WHS,288.16
5046290,3,2024-08-18,2024-08-23,3,1,TRN,OTA,338.78
5046866,3,2024-08-25,2024-08-30,2,1,TRN,VOI,305.15
5046972,3,2024-07-31,2024-08-31,2,1,TRN,OTA,339.27
5047620,3,2025-02-07,2025-02-14,2,1,TRN,OTA,210.83
5047643,3,2025-02-08,2025-02-14,1,1,TRN,OTA,199.24
5047717,3,2025-03-18,2025-03-22,1,1,TDS,OTA,206.01
5048086,3,2025-05-16,2025-05-20,5,1,TRN,OTA,186.47
5048534,3,2025-06-01,2025-06-13,2,1,TRN,OTA,273.85
5048610,3,2025-05-24,2025-06-14,1,1,TRN,OTA,286.32
5048771,3,2025-06-12,2025-06-20,5,2,TRN,OTA,286.05
5048983,3,2025-06-10,2025-06-21,3,1,TRN,WEB,356.78
5049181,3,2025-07-02,2025-07-04,3,1,TRN,OTA,330.32
5049281,3,2025-07-03,2025-07-10,3,1,COR,WEB,226.53
5049296,3,2025-07-09,2025-07-11,2,1,COR,WEB,298.97
5049558,3,2025-07-10,2025-07-18,4,1,TRN,OTA,358.25
5049579,3,2025-07-13,2025-07-18,2,1,TRN,OTA,357.46
5049642,3,2025-06-30,2025-07-18,2,2,TRN,WEB,369.74
5049781,3,2025-07-16,2025-07-19,2,1,TRN,OTA,420.95
5050033,3,2025-07-22,2025-07-26,2,1,TRN,OTA,334.61
5050044,3,2025-07-15,2025-07-26,1,1,COR,WEB,316.87
5050255,3,2025-07-22,2025-08-01,2,1,TRN,WEB,320.88
5050507,3,2025-07-28,2025-08-08,2,1,TRN,OTA,354.54
5051916,3,2025-08-29,2025-09-06,2,1,TDS,WEB,233.3
5052088,3,2025-09-08,2025-09-19,4,1,TRN,WEB,308.82
5052235,3,2025-09-29,2025-10-04,2,1,TRN,WEB,278.26
5052401,3,2025-10-19,2025-10-24,2,1,TRN,WEB,261.07
5052424,3,2025-10-20,2025-10-25,1,1,TRN,WEB,316.65
5052890,3,2026-05-03,2026-05-16,3,2,TRN,OTA,262.37
5053107,3,2026-05-21,2026-05-23,2,1,TDS,WEB,230.64
5053818,3,2026-06-29,2026-07-03,2,1,TRN,OTA,352.88
5053918,3,2026-06-25,2026-07-04,3,1,TRN,OTA,331.21
5054153,3,2026-06-24,2026-07-11,2,1,TRN,WEB,338.2
5054603,3,2026-07-09,2026-07-17,3,1,TRN,OTA,411.89
5054970,3,2026-07-26,2026-07-31,4,2,TDS,OTA,283.0
5055528,3,2026-07-17,2026-08-08,1,1,TRN,OTA,468.84
5055559,3,2026-08-06,2026-08-09,2,1,TRN,WEB,252.13
5055625,3,2026-08-07,2026-08-14,4,1,TRN,OTA,336.53
5055683,3,2026-08-10,2026-08-14,3,1,TRN,WEB,327.12
5055756,3,2026-08-12,2026-08-15,1,1,COR,GDS,316.47
5055862,3,2026-08-15,2026-08-21,4,1,TRN,WEB,358.09
5056874,3,2026-08-31,2026-09-10,3,1,TRN,VOI,226.06
5057341,3,2026-09-24,2026-09-25,2,1,TRN,VOI,266.87
5057388,3,2026-09-14,2026-09-26,2,1,TRN,OTA,286.45
5057408,3,2026-09-21,2026-09-26,1,1,TRN,OTA,265.12
5057547,3,2026-09-28,2026-10-09,3,1,TRN,WEB,266.3
5057644,4,2023-10-02,2023-10-06,2,3,TRN,WEB,194.93
5057690,4,2023-10-09,2023-10-13,2,1,TRN,OTA,207.98
5058022,4,2024-05-06,2024-05-09,4,1,TRN,OTA,169.55
5058032,4,2024-05-08,2024-05-10,2,1,TRN,VOI,220.35
5058066,4,2024-05-06,2024-05-10,2,1,COR,GDS,227.8
5058421,4,2024-05-22,2024-05-25,1,1,TRN,VOI,222.75
5058697,4,2024-06-06,2024-06-14,2,1,TRN,WEB,220.45
5059416,4,2024-07-14,2024-07-19,2,1,TRN,OTA,289.92
5059420,4,2024-07-13,2024-07-19,2,1,TRN,OTA,348.44
5060876,4,2024-08-28,2024-08-31,1,1,TRN,VOI,311.27
5060946,4,2024-09-10,2024-09-20,2,1,TDS,OTA,232.32
5061354,4,2025-04-09,2025-04-12,1,1,TRN,WEB,206.26
5061570,4,2025-05-06,2025-05-16,2,1,TRN,VOI,201.54
5061637,4,2025-05-05,2025-05-17,3,1,TRN,WEB,224.26
5062020,4,2025-06-18,2025-06-27,2,1,TRN,VOI,255.36
5063221,4,2025-07-16,2025-08-02,1,1,TRN,WEB,317.33
5063320,4,2025-07-25,2025-08-08,2,1,TRN,WEB,278.59
5063362,4,2025-07-18,2025-08-08,2,1,TDS,VOI,240.25
5063907,4,2025-08-16,2025-08-23,3,1,TDS,WEB,239.75
5063922,4,2025-08-13,2025-08-23,1,1,COR,WEB,269.57
5063954,4,2025-08-18,2025-08-29,2,1,TRN,OTA,303.59
5064266,4,2025-09-12,2025-09-19,2,2,COR,VOI,245.4
5064278,4,2025-09-14,2025-09-19,2,1,TRN,OTA,265.1
5065226,4,2026-05-06,2026-05-16,1,1,TRN,WEB,238.61
5066175,4,2026-07-01,2026-07-08,4,1,TRN,WEB,212.18
5066718,4,2026-07-16,2026-07-24,3,1,TRN,WEB,275.92
5066822,4,2026-07-15,2026-07-25,1,1,TRN,OTA,307.26
5067055,4,2026-07-27,2026-07-31,2,2,TRN,OTA,280.87
5067088,4,2026-07-25,2026-07-31,4,1,TRN,OTA,278.83
5067328,4,2026-07-27,2026-08-02,3,1,TRN,WEB,213.55
5067361,4,2026-08-02,2026-08-05,4,2,TRN,WEB,216.15
5067683,4,2026-07-10,2026-08-08,2,1,TRN,WEB,370.97
5068169,4,2026-08-19,2026-08-22,3,1,TRN,OTA,308.87
5068423,4,2026-08-24,2026-09-04,2,1,TRN,OTA,236.19
5068424,4,2026-08-25,2026-09-04,3,1,TRN,VOI,228.78
5068445,4,2026-08-31,2026-09-05,1,1,TRN,VOI,244.3
5068561,4,2026-09-12,2026-09-18,2,3,TRN,WEB,263.92
5069107,5,2024-04-24,2024-05-04,3,1,TRN,OTA,165.19
5070088,5,2024-06-27,2024-07-06,4,1,TRN,OTA,227.12
5070095,5,2024-07-03,2024-07-06,2,1,TRN,OTA,209.97
5070148,5,2024-07-06,2024-07-12,2,1,TRN,WEB,195.41
5070856,5,2024-07-18,2024-08-09,2,1,WHL,WHS,162.37
5071192,5,2024-08-14,2024-08-23,2,1,TRN,WEB,204.79
5071440,5,2024-08-29,2024-09-04,5,1,TDS,VOI,130.08
5071790,5,2024-10-08,2024-10-11,2,1,TRN,WEB,147.39
5071867,5,2025-01-22,2025-01-31,2,1,TRN,WEB,138.03
5072271,5,2025-05-08,2025-05-16,2,1,TRN,WEB,161.68
5072502,5,2025-06-07,2025-06-11,5,1,TDS,WEB,120.46
5072842,5,2025-06-22,2025-07-04,3,1,TRN,VOI,205.26
5072844,5,2025-07-01,2025-07-04,2,1,TRN,OTA,204.96
5072883,5,2025-06-22,2025-07-04,2,1,TRN,WEB,218.25
5073937,5,2025-08-07,2025-08-16,4,1,TRN,WEB,226.47
5074193,5,2025-08-18,2025-08-29,3,1,TRN,WEB,209.48
5074631,5,2025-09-10,2025-09-26,2,1,TRN,OTA,168.07
5074673,5,2025-09-22,2025-09-26,3,1,TRN,WEB,163.18
5074811,5,2025-10-12,2025-10-24,2,1,TRN,OTA,157.2
5074915,5,2025-11-17,2025-11-21,2,1,TRN,VOI,147.91
5075097,5,2025-12-16,2025-12-27,2,1,TRN,VOI,162.1
5075280,5,2026-05-05,2026-05-07,3,1,COR,GDS,116.44
5076491,5,2026-07-13,2026-07-17,2,2,TRN,OTA,262.39
5076612,5,2026-07-02,2026-07-18,2,1,WHL,WHS,200.94
5076914,5,2026-07-23,2026-08-01,1,1,TRN,WEB,243.08
5077015,5,2026-07-28,2026-08-07,2,1,TDS,VOI,176.35
5077192,5,2026-07-30,2026-08-13,2,1,TRN,OTA,170.63
5077586,5,2026-08-17,2026-08-22,1,1,TRN,WEB,233.23
5077619,5,2026-08-16,2026-08-22,1,1,TRN,OTA,230.71
5077840,5,2026-08-30,2026-09-04,2,2,TRN,VOI,176.27
5077875,5,2026-09-02,2026-09-05,4,1,TRN,OTA,194.39
5077971,5,2026-09-07,2026-09-18,2,1,TRN,WEB,217.66
5078001,5,2026-09-20,2026-09-24,2,1,TRN,OTA,145.54
